,C1: 143,C5: 123,C10: 104,C13: 73,C18: 62,C29: 60,C14: 29,C37: 53,C26: 26,C42: 24,C40: 18,C8: 17,C4: 18,C47: 46,C2: 16,C20: 15,C7: 15,C12: 14,C24: 8,C38: 7,C27: 7,C41: 6,C52: 6,C51: 5,C53: 5,C43: 4,C15: 4,C9: 3,C25: 3,C32: 3,C35: 2,C46: 8,C17: 8,C36: 5,C23: 5,C50: 4,C16: 4,C3: 3,C48: 3,C30: 3,C31: 7,C34: 2,C6: 2,C21: 2,C33: 2,C39: 2,C44: 2,C19: 2,C28: 1,C45: 1,C49: 1,C22: 1,C11: 5
C1: 143,0.0,0.00012811978619949323,0.0009551182609158806,0.005495962226267225,0.00865074664121138,0.0091596626279067,0.011074276588328623,0.011351078473805695,0.011820269442897284,0.012022610770143676,0.012566013667091376,0.013063433542184056,0.013413943898728395,0.0135902842194873,0.014380479801957446,0.014682544401398644,0.014682544401398644,0.015167656204531584,0.017442604063818475,0.017810669730276358,0.018279261976332558,0.01870259408719352,0.018885009235924004,0.018975620122285108,0.01914164433497199,0.01982720798798707,0.020277968246579632,0.02070218624528888,0.02082761091335257,0.02088166004887451,0.022200938963876992,0.02302249210063756,0.02312272071640124,0.02326212119855213,0.023294651351888133,0.02363069871577506,0.023640106442523724,0.02395576578343643,0.02396048212222,0.02396360594882876,0.02428681676010028,0.024305919939538588,0.02430595270457651,0.024305956317305453,0.0243063156800445,0.02430738142901997,0.024309539500248854,0.024312351305551608,0.024652122848363253,0.024652122848363253,0.024652122848363253,0.024652122848363253,0.02547474760506787
Deviation,-,15%,35%,>50%,>50%,>50%,>50%,>50%,>50%,>50%,>50%,>50%,>50%,>50%,>50%,>50%,>50%,>50%,>50%,>50%,>50%,>50%,>50%,>50%,>50%,>50%,>50%,>50%,>50%,>50%,>50%,>50%,>50%,>50%,>50%,>50%,>50%,>50%,>50%,>50%,>50%,>50%,>50%,>50%,>50%,>50%,>50%,>50%,>50%,>50%,>50%,>50%,>50%
NodeOverlap,143,123,104,73,62,60,29,53,26,24,18,17,18,46,16,15,15,14,8,7,7,6,6,5,5,4,4,3,3,3,2,8,8,5,5,4,4,3,3,3,7,2,2,2,2,2,2,2,1,1,1,1,5
,,,,,,,,,,,,,,,,,,,,,,,,,,,,,,,,,,,,,,,,,,,,,,,,,,,,,
,C2: 16,C4: 18,C20: 15,C7: 15,C12: 14,C26: 26,C14: 29,C42: 24,C8: 17,C1: 143,C5: 123,C10: 104,C40: 18,C13: 73,C18: 62,C29: 60,C24: 8,C37: 53,C47: 46,C38: 7,C27: 7,C41: 6,C52: 6,C51: 5,C36: 5,C23: 5,C53: 5,C50: 4,C43: 4,C16: 4,C17: 8,C48: 3,C3: 3,C15: 4,C31: 7,C46: 8,C9: 3,C25: 3,C32: 3,C33: 2,C30: 3,C44: 2,C19: 2,C39: 2,C6: 2,C34: 2,C21: 2,C11: 5,C22: 1,C28: 1,C45: 1,C49: 1,C35: 2
C2: 16,0.0,0.00026351108992385327,0.0008098497330404558,0.0008098497330404558,0.0010589933724406866,0.007233604406468467,0.007726530508790547,0.00937652383743986,0.011668002142591729,0.014380479801957446,0.014597951477759587,0.015229982608873512,0.016342442294083468,0.018816825381352573,0.019478993418787977,0.020412830486932945,0.021871729734701445,0.02298506210201034,0.02310835935043996,0.02812529749172012,0.030331441014947405,0.049294944241533634,0.04932670120706695,0.053213071133746265,0.06611661059414307,0.06614740346186966,0.07286405844079151,0.08126773484253258,0.09011007248532896,0.09099727204947154,0.09521402969924847,0.10194365596112484,0.10335148388039628,0.10875277727890847,0.11368490704669935,0.12487097934301125,0.12888812752439746,0.13730613059241664,0.13909450322497555,0.1559698912653279,0.1573358935902865,0.1778944372711259,0.17792172503816306,0.17797336511863282,0.17829715434918933,0.1783448118144008,0.17851419872640858,0.1859047920240744,0.19637827699443008,0.19637827699443008,0.19637827699443008,0.19637827699443008,0.2057445417436208
Deviation,-,10%,10%,10%,15%,30%,35%,35%,40%,45%,45%,45%,45%,50%,50%,50%,>50%,>50%,>50%,>50%,>50%,>50%,>50%,>50%,>50%,>50%,>50%,>50%,>50%,>50%,>50%,>50%,>50%,>50%,>50%,>50%,>50%,>50%,>50%,>50%,>50%,>50%,>50%,>50%,>50%,>50%,>50%,>50%,>50%,>50%,>50%,>50%,>50%
NodeOverlap,16,16,14,15,14,1,1,1,0,16,0,1,0,1,0,0,7,0,0,7,7,5,0,0,0,0,5,0,0,0,0,0,0,1,0,0,0,1,0,2,0,2,0,1,0,0,0,0,0,0,0,0,0
,,,,,,,,,,,,,,,,,,,,,,,,,,,,,,,,,,,,,,,,,,,,,,,,,,,,,
,C3: 3,C21: 2,C48: 3,C9: 3,C34: 2,C25: 3,C6: 2,C33: 2,C36: 5,C30: 3,C8: 17,C40: 18,C5: 123,C32: 3,C1: 143,C10: 104,C43: 4,C18: 62,C29: 60,C13: 73,C37: 53,C47: 46,C50: 4,C23: 5,C38: 7,C53: 5,C16: 4,C26: 26,C39: 2,C52: 6,C24: 8,C42: 24,C27: 7,C51: 5,C14: 29,C4: 18,C20: 15,C7: 15,C2: 16,C12: 14,C15: 4,C41: 6,C17: 8,C46: 8,C11: 5,C31: 7,C19: 2,C44: 2,C45: 1,C28: 1,C22: 1,C49: 1,C35: 2
C3: 3,0.0,0.008614193380449173,0.01140293310333046,0.012370454794316504,0.012377147251057308,0.01401988246278905,0.014983094046253425,0.01726307005122131,0.0178960792308324,0.018838053483846817,0.02193560421863067,0.02246531584638095,0.02372590172333091,0.02394181573313861,0.02395576578343643,0.02956353305334565,0.029972732343917438,0.03264815676905874,0.03354152172100958,0.034053425102163665,0.03570067431616975,0.03583486486988122,0.03830865472910925,0.04145428654927308,0.042548610714966316,0.0467192499229305,0.05220920138888888,0.05758227308258802,0.06271206647178025,0.07350193527202954,0.07949039852922632,0.07977659992720347,0.08081326103884465,0.08395792208470959,0.08862565702801152,0.09804011872082397,0.1003039898299131,0.1003039898299131,0.10335148388039628,0.10349811198343188,0.11058580773204048,0.11389609648348825,0.1470604236111111,0.16092013888888895,0.17766608915570334,0.17858923177301134,0.18117992294957191,0.20369174017646252,0.3629373317954631,0.3629373317954631,0.3629373317954631,0.3629373317954631,0.4802746389609764
Deviation,-,15%,20%,20%,20%,20%,20%,25%,25%,25%,25%,25%,25%,25%,25%,30%,30%,30%,30%,30%,30%,30%,35%,35%,35%,35%,40%,40%,40%,45%,45%,45%,45%,45%,50%,50%,50%,50%,50%,50%,>50%,>50%,>50%,>50%,>50%,>50%,>50%,>50%,>50%,>50%,>50%,>50%,>50%
NodeOverlap,3,0,0,0,0,0,0,0,0,0,0,0,0,0,3,0,0,0,0,0,0,0,2,2,0,0,1,0,0,0,0,0,0,0,0,0,0,0,0,0,0,0,0,0,0,0,2,0,0,1,0,0,0
,,,,,,,,,,,,,,,,,,,,,,,,,,,,,,,,,,,,,,,,,,,,,,,,,,,,,
,C4: 18,C2: 16,C20: 15,C7: 15,C12: 14,C26: 26,C14: 29,C42: 24,C40: 18,C8: 17,C1: 143,C5: 123,C10: 104,C13: 73,C18: 62,C29: 60,C24: 8,C47: 46,C37: 53,C38: 7,C27: 7,C41: 6,C52: 6,C51: 5,C36: 5,C23: 5,C53: 5,C50: 4,C43: 4,C16: 4,C17: 8,C48: 3,C15: 4,C3: 3,C31: 7,C46: 8,C9: 3,C25: 3,C32: 3,C33: 2,C30: 3,C11: 5,C19: 2,C44: 2,C39: 2,C6: 2,C34: 2,C21: 2,C35: 2,C28: 1,C49: 1,C45: 1,C22: 1
C4: 18,0.0,0.00026351108992385327,0.0010805617614818657,0.0010805617614818657,0.002031841574174169,0.005423699311677331,0.005459363018646746,0.006692355426287692,0.00906215320624902,0.01002986068053156,0.013413943898728395,0.013550810431377684,0.013915677385720606,0.017048093389190243,0.017877381060656842,0.018592994042655502,0.01939841710245077,0.02016363441183988,0.020575705181094247,0.02502623454789392,0.027079748064438528,0.04390110549014119,0.043961436301737065,0.04925563630588508,0.0624107130005208,0.06264783832500098,0.06554268573995188,0.07727462705761318,0.08269772500000003,0.08608645265606514,0.08814225567001388,0.09539884633929377,0.09706620607419056,0.09804011872082397,0.1046275961413608,0.1135498821924603,0.11686718827815235,0.12377197265624998,0.12549954322076615,0.1467615397427227,0.1592697803517537,0.16784368155418075,0.17437999357573247,0.17438948042517144,0.17448267546623766,0.1747764583524537,0.17481750352431188,0.1749614188365059,0.18630722916558207,0.1881388346354166,0.1881388346354166,0.1881388346354166,0.1881388346354166
Deviation,-,10%,15%,15%,20%,30%,30%,30%,35%,40%,45%,45%,45%,50%,50%,50%,50%,>50%,>50%,>50%,>50%,>50%,>50%,>50%,>50%,>50%,>50%,>50%,>50%,>50%,>50%,>50%,>50%,>50%,>50%,>50%,>50%,>50%,>50%,>50%,>50%,>50%,>50%,>50%,>50%,>50%,>50%,>50%,>50%,>50%,>50%,>50%,>50%
NodeOverlap,18,16,15,15,14,1,1,1,0,0,18,1,3,3,0,0,8,0,0,7,7,6,0,0,0,0,5,0,0,0,0,0,2,0,0,0,0,2,0,2,0,0,0,2,1,0,0,0,1,0,0,0,0
,,,,,,,,,,,,,,,,,,,,,,,,,,,,,,,,,,,,,,,,,,,,,,,,,,,,,
,C5: 123,C1: 143,C10: 104,C13: 73,C18: 62,C29: 60,C37: 53,C14: 29,C40: 18,C26: 26,C42: 24,C8: 17,C4: 18,C47: 46,C2: 16,C20: 15,C7: 15,C12: 14,C24: 8,C38: 7,C27: 7,C41: 6,C51: 5,C53: 5,C52: 6,C36: 5,C43: 4,C15: 4,C9: 3,C25: 3,C32: 3,C35: 2,C23: 5,C50: 4,C16: 4,C3: 3,C48: 3,C30: 3,C34: 2,C21: 2,C6: 2,C33: 2,C39: 2,C44: 2,C19: 2,C49: 1,C22: 1,C45: 1,C28: 1,C46: 8,C17: 8,C31: 7,C11: 5
C5: 123,0.0,0.00012811978619949323,0.00040585782901246753,0.004575354509730707,0.008097701846068157,0.008742779726228282,0.011330538389677722,0.011574068410327735,0.011979991123321435,0.012324406596295731,0.01243777602014089,0.01249177054868013,0.013550810431377684,0.014070183838915071,0.014597951477759587,0.014837028083007376,0.014837028083007376,0.015358693640654206,0.01727172567542101,0.017570957163802612,0.01829171022569361,0.018587585517009845,0.01859903317636581,0.018910377902835958,0.018940022992899697,0.018974895048594342,0.019523481360607328,0.020345154036184532,0.020543807554461783,0.02074472833276255,0.02079353970985881,0.022219286544173024,0.0228968979178458,0.02327491156541113,0.02328839961608209,0.02372590172333091,0.023732409054832617,0.023737021352052155,0.024211493778579576,0.02421152939095337,0.0242115430157466,0.0242120026261962,0.02421353867978021,0.0242165164560172,0.024220383470843786,0.024690611665603542,0.024690611665603542,0.024690611665603542,0.024690611665603542,0.024755701758702262,0.02493669475597443,0.02631133241617515,0.02753794543611461
Deviation,-,15%,20%,>50%,>50%,>50%,>50%,>50%,>50%,>50%,>50%,>50%,>50%,>50%,>50%,>50%,>50%,>50%,>50%,>50%,>50%,>50%,>50%,>50%,>50%,>50%,>50%,>50%,>50%,>50%,>50%,>50%,>50%,>50%,>50%,>50%,>50%,>50%,>50%,>50%,>50%,>50%,>50%,>50%,>50%,>50%,>50%,>50%,>50%,>50%,>50%,>50%,>50%
NodeOverlap,123,123,102,71,62,60,53,28,18,25,23,17,1,46,0,0,0,0,0,0,0,0,5,0,6,5,4,3,3,2,3,2,3,2,3,0,3,3,2,2,2,0,1,0,0,1,1,1,0,8,8,7,5
,,,,,,,,,,,,,,,,,,,,,,,,,,,,,,,,,,,,,,,,,,,,,,,,,,,,,
,C6: 2,C34: 2,C21: 2,C39: 2,C33: 2,C3: 3,C44: 2,C8: 17,C40: 18,C5: 123,C1: 143,C36: 5,C30: 3,C10: 104,C18: 62,C13: 73,C29: 60,C37: 53,C47: 46,C19: 2,C35: 2,C50: 4,C23: 5,C16: 4,C38: 7,C43: 4,C42: 24,C53: 5,C48: 3,C14: 29,C26: 26,C52: 6,C51: 5,C27: 7,C9: 3,C32: 3,C25: 3,C4: 18,C15: 4,C2: 16,C24: 8,C7: 15,C20: 15,C12: 14,C17: 8,C31: 7,C41: 6,C11: 5,C46: 8,C45: 1,C49: 1,C28: 1,C22: 1
C6: 2,0.0,0.00011686170572329597,0.0021756424157101197,0.008980100234759533,0.009286830784879314,0.014983094046253425,0.02270210741063446,0.0233537080253884,0.02412341068762288,0.0242115430157466,0.02430595270457651,0.02735063411445586,0.02791741755391519,0.030224537815215294,0.03408610411321991,0.03505430661290373,0.03505697699881627,0.037653149080446466,0.0384327101362087,0.038542339525140495,0.046587689344633136,0.0553522984821776,0.06067669008977026,0.06427157875500153,0.0744909971041483,0.08558861836244548,0.08802354637613066,0.08942997229070296,0.0927526312403216,0.09477583785894823,0.10614441207331672,0.10682306774880132,0.11344890876093122,0.12500114007665875,0.14859922094989347,0.15899496679801034,0.1695396383994975,0.1747764583524537,0.17559826374925766,0.17829715434918933,0.18738538888612508,0.20376024388850555,0.20376024388850555,0.20554475860044505,0.20933285303669052,0.25865757307122383,0.26905530919207155,0.2987834803448293,0.4678811042492613,0.5805332359386413,0.5805332359386413,0.5805332359386413,0.5805332359386413
Deviation,-,5%,10%,15%,15%,20%,20%,20%,20%,20%,25%,25%,25%,25%,25%,25%,25%,25%,30%,30%,30%,35%,35%,35%,40%,40%,40%,40%,40%,40%,45%,45%,45%,50%,50%,>50%,>50%,>50%,>50%,>50%,>50%,>50%,>50%,>50%,>50%,>50%,>50%,>50%,>50%,>50%,>50%,>50%,>50%
NodeOverlap,2,0,0,0,0,0,0,0,0,2,2,0,0,0,0,0,0,0,0,0,0,0,0,0,0,0,0,0,2,0,0,0,0,0,0,0,0,0,0,0,0,0,0,0,0,0,0,0,0,0,0,0,0
,,,,,,,,,,,,,,,,,,,,,,,,,,,,,,,,,,,,,,,,,,,,,,,,,,,,,
,C7: 15,C20: 15,C12: 14,C2: 16,C4: 18,C26: 26,C14: 29,C42: 24,C1: 143,C5: 123,C10: 104,C24: 8,C13: 73,C18: 62,C8: 17,C29: 60,C38: 7,C27: 7,C40: 18,C37: 53,C47: 46,C52: 6,C41: 6,C51: 5,C53: 5,C36: 5,C23: 5,C50: 4,C43: 4,C17: 8,C16: 4,C48: 3,C15: 4,C3: 3,C31: 7,C30: 3,C9: 3,C46: 8,C25: 3,C32: 3,C11: 5,C33: 2,C19: 2,C44: 2,C39: 2,C6: 2,C34: 2,C21: 2,C35: 2,C22: 1,C45: 1,C49: 1,C28: 1
C7: 15,0.0,0.0,0.0001732961904066756,0.0008098497330404558,0.0010805617614818657,0.008084951778954614,0.00870556900453207,0.01002175369068954,0.014682544401398644,0.014837028083007376,0.015556865289612231,0.01775324702441215,0.01913762019419337,0.0197673400160238,0.020241146656138832,0.020472080457304857,0.021328068887790718,0.02174490048778518,0.0229570131874945,0.02317761822679397,0.0235432151282951,0.03511068012543856,0.036639928159316916,0.03986553931568397,0.058072074419873686,0.05951891447751077,0.06003578810265341,0.08013838879020939,0.0853884742771775,0.09079632786727773,0.0928890954337665,0.09505745468363384,0.09785599685510044,0.1003039898299131,0.1032768485083426,0.10963938035562963,0.12084103893593776,0.12366669920259556,0.12875676997689994,0.13173568877578676,0.16483621001155502,0.16693280687729872,0.2030817505592539,0.20311440862788085,0.20327759763040695,0.20376024388850555,0.20382676914553394,0.2040592851014273,0.2177674576439232,0.22330201743040254,0.22330201743040254,0.22330201743040254,0.22330201743040254
Deviation,-,5%,5%,10%,15%,30%,35%,35%,40%,40%,45%,45%,50%,50%,50%,50%,50%,50%,50%,50%,>50%,>50%,>50%,>50%,>50%,>50%,>50%,>50%,>50%,>50%,>50%,>50%,>50%,>50%,>50%,>50%,>50%,>50%,>50%,>50%,>50%,>50%,>50%,>50%,>50%,>50%,>50%,>50%,>50%,>50%,>50%,>50%,>50%
NodeOverlap,15,14,14,15,15,1,1,1,15,0,0,7,0,0,0,0,7,7,0,0,0,0,5,0,5,0,0,0,0,0,0,0,0,0,0,0,0,0,0,0,0,2,0,2,0,0,0,0,0,0,0,0,0
,,,,,,,,,,,,,,,,,,,,,,,,,,,,,,,,,,,,,,,,,,,,,,,,,,,,,
,C8: 17,C40: 18,C4: 18,C14: 29,C2: 16,C42: 24,C5: 123,C1: 143,C10: 104,C26: 26,C18: 62,C29: 60,C47: 46,C13: 73,C37: 53,C16: 4,C23: 5,C20: 15,C7: 15,C36: 5,C30: 3,C50: 4,C3: 3,C44: 2,C19: 2,C39: 2,C6: 2,C34: 2,C21: 2,C33: 2,C12: 14,C45: 1,C28: 1,C49: 1,C22: 1,C51: 5,C48: 3,C24: 8,C43: 4,C38: 7,C53: 5,C27: 7,C41: 6,C9: 3,C52: 6,C32: 3,C25: 3,C35: 2,C17: 8,C46: 8,C31: 7,C11: 5,C15: 4
C8: 17,0.0,0.0002110527364075573,0.01002986068053156,0.011468623207475548,0.011668002142591729,0.012283327517805236,0.01249177054868013,0.013063433542184056,0.013275866570001538,0.013452549174453076,0.013645117733402795,0.014338859472098344,0.014353297062442209,0.014772217244607647,0.015553218708447053,0.017793776656386474,0.01794070972292665,0.020241146656138832,0.020241146656138832,0.020385334273054213,0.020506789671295704,0.02138022243099296,0.02193560421863067,0.022952226588237482,0.02295655411306646,0.02304202302476943,0.0233537080253884,0.02339817919433217,0.023554982240625143,0.02379165450096292,0.02667022189014811,0.03052712454378977,0.03052712454378977,0.03052712454378977,0.03052712454378977,0.04276384299307441,0.04794670814393071,0.05493595351903367,0.05639892767879266,0.05753060392922734,0.07342688444390484,0.0771479242298097,0.07989551549889826,0.0902927298959094,0.09423000333035923,0.10056758377411636,0.10375852067030818,0.10953319598935518,0.16195410825918136,0.17663286104972414,0.18819709529383205,0.2364609087572761,0.23979898444859865
Deviation,-,10%,45%,45%,45%,45%,45%,50%,50%,50%,50%,50%,50%,50%,50%,>50%,>50%,>50%,>50%,>50%,>50%,>50%,>50%,>50%,>50%,>50%,>50%,>50%,>50%,>50%,>50%,>50%,>50%,>50%,>50%,>50%,>50%,>50%,>50%,>50%,>50%,>50%,>50%,>50%,>50%,>50%,>50%,>50%,>50%,>50%,>50%,>50%,>50%
NodeOverlap,17,17,0,0,0,0,17,17,1,0,0,0,0,0,0,0,0,0,0,0,0,0,0,0,0,0,0,0,0,0,0,0,0,0,0,0,0,0,0,0,0,0,0,0,0,0,0,0,0,0,0,0,0
,,,,,,,,,,,,,,,,,,,,,,,,,,,,,,,,,,,,,,,,,,,,,,,,,,,,,
,C9: 3,C25: 3,C32: 3,C43: 4,C3: 3,C48: 3,C5: 123,C1: 143,C17: 8,C10: 104,C11: 5,C53: 5,C18: 62,C29: 60,C13: 73,C47: 46,C31: 7,C37: 53,C46: 8,C24: 8,C41: 6,C42: 24,C51: 5,C30: 3,C15: 4,C26: 26,C16: 4,C14: 29,C33: 2,C38: 7,C40: 18,C8: 17,C27: 7,C21: 2,C4: 18,C36: 5,C52: 6,C20: 15,C7: 15,C50: 4,C12: 14,C2: 16,C34: 2,C6: 2,C23: 5,C19: 2,C44: 2,C39: 2,C35: 2,C28: 1,C45: 1,C49: 1,C22: 1
C9: 3,0.0,0.00012872763697093496,0.004792084274779113,0.00579857323573394,0.012370454794316504,0.019501885840895995,0.020543807554461783,0.02070218624528888,0.024058692284421986,0.024271383065829256,0.027542181526650486,0.02923754791160748,0.029394409055564025,0.02944985530601427,0.030501688175902236,0.03110497954718093,0.031197088804802882,0.03202585685964142,0.03276339886031609,0.033817463899899536,0.045090128730810884,0.05005668364981687,0.05417846059423111,0.05647943152909445,0.05698478575480431,0.0578543673469388,0.06298519345238095,0.06470020403198455,0.06471977408917334,0.07389323572017506,0.08208324420489088,0.0902927298959094,0.09782921392806132,0.1017128320212583,0.11686718827815235,0.11921565152783345,0.1198176399038435,0.12084103893593776,0.12084103893593776,0.12424126779239578,0.12823355571326064,0.12888812752439746,0.13679130237589446,0.14859922094989347,0.16585958343985685,0.21659788053422047,0.23097102713040402,0.2724902148537394,0.4523272323494049,0.7178207283643298,0.7178207283643298,0.7178207283643298,0.7178207283643298
Deviation,-,5%,10%,15%,20%,20%,25%,25%,25%,25%,25%,25%,25%,25%,25%,30%,30%,30%,30%,30%,35%,35%,35%,35%,35%,35%,40%,40%,40%,40%,45%,45%,45%,50%,50%,50%,50%,50%,50%,>50%,>50%,>50%,>50%,>50%,>50%,>50%,>50%,>50%,>50%,>50%,>50%,>50%,>50%
NodeOverlap,3,0,0,0,0,0,3,3,3,0,3,0,0,0,0,0,1,0,2,0,0,0,0,0,0,0,0,0,0,0,0,0,0,0,0,0,0,0,0,0,0,0,2,0,0,0,0,0,0,0,1,0,0
,,,,,,,,,,,,,,,,,,,,,,,,,,,,,,,,,,,,,,,,,,,,,,,,,,,,,
,C10: 104,C5: 123,C1: 143,C13: 73,C18: 62,C29: 60,C37: 53,C14: 29,C47: 46,C26: 26,C42: 24,C40: 18,C8: 17,C4: 18,C2: 16,C20: 15,C7: 15,C12: 14,C24: 8,C38: 7,C27: 7,C41: 6,C52: 6,C51: 5,C53: 5,C36: 5,C23: 5,C15: 4,C9: 3,C25: 3,C32: 3,C35: 2,C43: 4,C17: 8,C46: 8,C50: 4,C16: 4,C3: 3,C48: 3,C30: 3,C6: 2,C34: 2,C21: 2,C39: 2,C33: 2,C44: 2,C19: 2,C31: 7,C28: 1,C45: 1,C49: 1,C22: 1,C11: 5
C10: 104,0.0,0.00040585782901246753,0.0009551182609158806,0.0021182970527431587,0.004706552546886861,0.005351462747825125,0.008216468106315272,0.011224306164970268,0.011763689715534044,0.011894379737752843,0.012058301330251351,0.012597698282729488,0.013275866570001538,0.013915677385720606,0.015229982608873512,0.015556865289612231,0.015556865289612231,0.016180114797473232,0.019201200235569427,0.0197094358163006,0.020540370285111083,0.021194643112859436,0.0215037859001096,0.021538861435228717,0.02180039422638825,0.022195783521686,0.02237015840396937,0.023730885882612258,0.024271383065829256,0.024493334024928,0.02459612434715068,0.026319819868752228,0.02650255855081451,0.02842231835100724,0.02844093665087521,0.029092100419793543,0.02910791469790712,0.02956353305334565,0.029571145743294176,0.029573950886509107,0.030224537815215294,0.030224654874926538,0.03022529862693289,0.03022554828706865,0.03022673199598411,0.030228515692811094,0.030232849545840088,0.03032770759277743,0.030874474359008305,0.030874474359008305,0.030874474359008305,0.030874474359008305,0.032402950111244236
Deviation,-,20%,30%,40%,>50%,>50%,>50%,>50%,>50%,>50%,>50%,>50%,>50%,>50%,>50%,>50%,>50%,>50%,>50%,>50%,>50%,>50%,>50%,>50%,>50%,>50%,>50%,>50%,>50%,>50%,>50%,>50%,>50%,>50%,>50%,>50%,>50%,>50%,>50%,>50%,>50%,>50%,>50%,>50%,>50%,>50%,>50%,>50%,>50%,>50%,>50%,>50%,>50%
NodeOverlap,104,102,104,73,62,60,53,28,46,25,23,2,1,3,1,1,0,0,1,0,0,1,6,5,0,5,3,4,0,3,3,2,4,5,6,2,3,0,1,3,0,0,2,2,0,0,0,6,0,0,1,1,2
,,,,,,,,,,,,,,,,,,,,,,,,,,,,,,,,,,,,,,,,,,,,,,,,,,,,,
,C11: 5,C31: 7,C17: 8,C25: 3,C1: 143,C32: 3,C5: 123,C9: 3,C46: 8,C53: 5,C10: 104,C41: 6,C24: 8,C43: 4,C13: 73,C18: 62,C29: 60,C15: 4,C37: 53,C47: 46,C51: 5,C52: 6,C36: 5,C48: 3,C42: 24,C26: 26,C38: 7,C14: 29,C27: 7,C23: 5,C7: 15,C20: 15,C4: 18,C33: 2,C16: 4,C12: 14,C3: 3,C2: 16,C50: 4,C40: 18,C21: 2,C8: 17,C34: 2,C6: 2,C35: 2,C30: 3,C39: 2,C19: 2,C44: 2,C28: 1,C45: 1,C22: 1,C49: 1
C11: 5,0.0,0.00807885756289411,0.011185047498824287,0.019728991250361105,0.02547474760506787,0.0273096480891481,0.02753794543611461,0.027542181526650486,0.027762890886054804,0.028911654794134413,0.032402950111244236,0.03580488262587486,0.03705517005594351,0.04418761387561597,0.04582053796176242,0.050523209706848766,0.05183053364755266,0.05380102550845335,0.059238781051324,0.06450738464952564,0.0768866587297089,0.0818236287123068,0.08554075112821735,0.09093864874178084,0.09121147317119573,0.09221795479771697,0.09635368806827938,0.09969595195399487,0.10907831849837253,0.12996768523366886,0.16483621001155502,0.16483621001155502,0.16784368155418075,0.16811341237726768,0.16823369201827465,0.17381871765976686,0.17766608915570334,0.1859047920240744,0.1939587924217451,0.2229910339906548,0.23304017941340885,0.2364609087572761,0.28327579048131923,0.2987834803448293,0.3484866921476703,0.39110033462560384,0.4375338674445704,0.5582800322493953,0.5730734031302468,0.7726847621607096,0.7726847621607096,0.7726847621607096,0.7726847621607096
Deviation,-,15%,20%,25%,25%,30%,30%,30%,30%,30%,30%,30%,35%,35%,35%,40%,40%,40%,40%,40%,45%,45%,50%,50%,50%,50%,50%,50%,>50%,>50%,>50%,>50%,>50%,>50%,>50%,>50%,>50%,>50%,>50%,>50%,>50%,>50%,>50%,>50%,>50%,>50%,>50%,>50%,>50%,>50%,>50%,>50%,>50%
NodeOverlap,5,3,5,0,5,0,5,3,4,0,2,0,0,0,0,0,0,0,0,0,0,0,0,0,0,0,0,0,0,0,0,0,0,0,0,0,0,0,0,0,0,0,2,0,0,0,0,0,0,0,1,0,0
,,,,,,,,,,,,,,,,,,,,,,,,,,,,,,,,,,,,,,,,,,,,,,,,,,,,,
,C12: 14,C7: 15,C20: 15,C2: 16,C4: 18,C26: 26,C14: 29,C42: 24,C1: 143,C5: 123,C10: 104,C24: 8,C13: 73,C18: 62,C29: 60,C38: 7,C27: 7,C37: 53,C47: 46,C8: 17,C40: 18,C52: 6,C41: 6,C51: 5,C36: 5,C53: 5,C23: 5,C50: 4,C43: 4,C17: 8,C16: 4,C48: 3,C3: 3,C15: 4,C31: 7,C30: 3,C9: 3,C46: 8,C25: 3,C32: 3,C21: 2,C33: 2,C11: 5,C19: 2,C44: 2,C39: 2,C6: 2,C34: 2,C22: 1,C45: 1,C28: 1,C49: 1,C35: 2
C12: 14,0.0,0.0001732961904066756,0.0001732961904066756,0.0010589933724406866,0.002031841574174169,0.009759693317369427,0.010380955486097965,0.012127666917052466,0.015167656204531584,0.015358693640654206,0.016180114797473232,0.01895231389636963,0.02019972696365296,0.02076734060786848,0.02162314853892815,0.02283386726455689,0.023032133532288283,0.02426000616076957,0.025073785416355326,0.02667022189014811,0.02790541517237172,0.03738245374986346,0.03922969280168493,0.04176879320931736,0.06163949629665635,0.061949319062144674,0.06202957010486512,0.08255511835837331,0.09002416226904669,0.09393300111487876,0.09605727812960048,0.09891496391545772,0.10349811198343188,0.1046109275926932,0.10721885977973976,0.11302567805238485,0.12823355571326064,0.12970980107708768,0.13706024807475642,0.14018629745832714,0.16804969467969674,0.17319590884298805,0.17381871765976686,0.20487997471931774,0.20488210224698866,0.20503420350958854,0.20554475860044505,0.2056172358474221,0.2289137184242159,0.2289137184242159,0.2289137184242159,0.2289137184242159,0.2311566718877061
Deviation,-,5%,5%,15%,15%,35%,35%,40%,40%,40%,45%,45%,50%,50%,50%,50%,50%,50%,>50%,>50%,>50%,>50%,>50%,>50%,>50%,>50%,>50%,>50%,>50%,>50%,>50%,>50%,>50%,>50%,>50%,>50%,>50%,>50%,>50%,>50%,>50%,>50%,>50%,>50%,>50%,>50%,>50%,>50%,>50%,>50%,>50%,>50%,>50%
NodeOverlap,14,14,14,14,14,0,0,0,14,0,0,7,0,0,0,7,7,0,0,0,0,0,5,0,0,5,0,0,0,0,0,0,0,0,0,0,0,0,0,0,0,2,0,0,2,0,0,0,0,0,0,0,0
,,,,,,,,,,,,,,,,,,,,,,,,,,,,,,,,,,,,,,,,,,,,,,,,,,,,,
,C13: 73,C18: 62,C29: 60,C10: 104,C37: 53,C5: 123,C1: 143,C47: 46,C14: 29,C40: 18,C26: 26,C42: 24,C8: 17,C4: 18,C2: 16,C7: 15,C20: 15,C12: 14,C24: 8,C38: 7,C27: 7,C51: 5,C41: 6,C53: 5,C36: 5,C23: 5,C52: 6,C43: 4,C48: 3,C9: 3,C15: 4,C32: 3,C25: 3,C50: 4,C16: 4,C35: 2,C30: 3,C3: 3,C39: 2,C44: 2,C6: 2,C34: 2,C21: 2,C19: 2,C33: 2,C45: 1,C49: 1,C28: 1,C22: 1,C46: 8,C17: 8,C31: 7,C11: 5
C13: 73,0.0,0.00041165565757896435,0.0006522247487640654,0.0021182970527431587,0.0022463599090475086,0.004575354509730707,0.005495962226267225,0.005805022012854929,0.01253051177423233,0.013962669603284036,0.014166704778575363,0.014483642013806362,0.014772217244607647,0.017048093389190243,0.018816825381352573,0.01913762019419337,0.01913762019419337,0.02019972696365296,0.023429475118597644,0.0236410208650222,0.026088918454591523,0.026174266166449776,0.02644431671532982,0.02648403570858493,0.02679089760768859,0.0272516615804384,0.02726538464141644,0.027863996057637758,0.029812940092829237,0.030501688175902236,0.030933683022509543,0.030946636746215343,0.031053532462363406,0.03306306007555028,0.033082621234147014,0.03320342123335926,0.03404825376697492,0.034053425102163665,0.03505091731791059,0.03505336257155959,0.03505430661290373,0.0350551205063534,0.03505827863084845,0.03505900244467328,0.03506361672579609,0.03635496594046457,0.03635496594046457,0.03635496594046457,0.03635496594046457,0.038628858236366026,0.03928104131792362,0.04262770573902267,0.04582053796176242
Deviation,-,15%,20%,35%,35%,50%,>50%,>50%,>50%,>50%,>50%,>50%,>50%,>50%,>50%,>50%,>50%,>50%,>50%,>50%,>50%,>50%,>50%,>50%,>50%,>50%,>50%,>50%,>50%,>50%,>50%,>50%,>50%,>50%,>50%,>50%,>50%,>50%,>50%,>50%,>50%,>50%,>50%,>50%,>50%,>50%,>50%,>50%,>50%,>50%,>50%,>50%,>50%
NodeOverlap,73,62,60,73,53,71,73,46,0,0,0,0,0,3,1,0,1,0,1,0,0,5,1,0,4,3,5,4,1,0,4,0,3,2,3,2,2,0,2,0,0,0,0,0,0,0,1,0,1,4,3,4,0
,,,,,,,,,,,,,,,,,,,,,,,,,,,,,,,,,,,,,,,,,,,,,,,,,,,,,
,C14: 29,C26: 26,C42: 24,C4: 18,C2: 16,C20: 15,C7: 15,C47: 46,C40: 18,C12: 14,C1: 143,C10: 104,C8: 17,C5: 123,C37: 53,C13: 73,C29: 60,C18: 62,C24: 8,C38: 7,C27: 7,C41: 6,C52: 6,C51: 5,C23: 5,C53: 5,C43: 4,C50: 4,C48: 3,C36: 5,C9: 3,C17: 8,C25: 3,C32: 3,C15: 4,C46: 8,C31: 7,C16: 4,C35: 2,C30: 3,C3: 3,C19: 2,C44: 2,C39: 2,C6: 2,C34: 2,C21: 2,C33: 2,C11: 5,C49: 1,C28: 1,C45: 1,C22: 1
C14: 29,0.0,0.0007853893678552098,0.0014475730517432013,0.005459363018646746,0.007726530508790547,0.00870556900453207,0.00870556900453207,0.009016759408280214,0.01022534410729186,0.010380955486097965,0.011074276588328623,0.011224306164970268,0.011468623207475548,0.011574068410327735,0.012046406681252935,0.01253051177423233,0.012622908938248436,0.012895757757713237,0.020832741143141608,0.02522757226733389,0.02732826837047412,0.032813542710032034,0.03338273637539535,0.035079628992737984,0.042977939548259486,0.04491623056230039,0.047003307755441294,0.05037612511592617,0.0587714723701116,0.06107349829263563,0.06470020403198455,0.06695418433065495,0.06746589097312422,0.06780980023953333,0.07183550573180011,0.07295817285388259,0.0747075011553937,0.08200698884737535,0.08426874082551412,0.08831581979491547,0.08862565702801152,0.09452144787782024,0.09455761651744536,0.0946251295497052,0.09477583785894823,0.0947948933076956,0.09485982105953054,0.0949531708047721,0.09969595195399487,0.1004735179565214,0.1004735179565214,0.1004735179565214,0.1004735179565214
Deviation,-,15%,20%,35%,40%,45%,45%,45%,50%,50%,50%,50%,50%,50%,50%,>50%,>50%,>50%,>50%,>50%,>50%,>50%,>50%,>50%,>50%,>50%,>50%,>50%,>50%,>50%,>50%,>50%,>50%,>50%,>50%,>50%,>50%,>50%,>50%,>50%,>50%,>50%,>50%,>50%,>50%,>50%,>50%,>50%,>50%,>50%,>50%,>50%,>50%
NodeOverlap,29,26,24,1,1,0,1,0,1,0,29,28,0,28,0,0,0,0,0,0,0,0,1,0,0,0,0,0,0,1,0,0,0,3,0,0,0,0,0,1,0,0,0,0,0,0,2,0,0,0,0,0,0
,,,,,,,,,,,,,,,,,,,,,,,,,,,,,,,,,,,,,,,,,,,,,,,,,,,,,
,C15: 4,C41: 6,C23: 5,C50: 4,C51: 5,C1: 143,C5: 123,C53: 5,C10: 104,C24: 8,C31: 7,C18: 62,C13: 73,C29: 60,C16: 4,C17: 8,C37: 53,C47: 46,C43: 4,C27: 7,C32: 3,C48: 3,C26: 26,C33: 2,C42: 24,C11: 5,C25: 3,C21: 2,C9: 3,C52: 6,C36: 5,C38: 7,C14: 29,C46: 8,C4: 18,C20: 15,C7: 15,C35: 2,C12: 14,C2: 16,C40: 18,C3: 3,C34: 2,C6: 2,C30: 3,C39: 2,C8: 17,C44: 2,C19: 2,C22: 1,C49: 1,C28: 1,C45: 1
C15: 4,0.0,0.013864589423945379,0.016241665752426172,0.01707530525841232,0.01818824061758304,0.020277968246579632,0.020345154036184532,0.022475108006641747,0.023730885882612258,0.026714376357618263,0.0271171296078811,0.030531834171491638,0.030933683022509543,0.031312637649755524,0.03224827560986586,0.032712232958563445,0.034626915031692865,0.034893695371928865,0.03642079430684381,0.03937208720542257,0.04011357777812494,0.04080577472145088,0.0512796872698102,0.05270153345238551,0.05289671367384722,0.05380102550845335,0.054376773514154056,0.05545380960585818,0.05698478575480431,0.05910319858502721,0.0635757785467128,0.06812318661258565,0.07183550573180011,0.08688426412043597,0.09706620607419056,0.09785599685510044,0.09785599685510044,0.10167902366106008,0.1046109275926932,0.10875277727890847,0.10941168503954687,0.11058580773204048,0.1704250417471117,0.17559826374925766,0.19229367839445866,0.2396795072320129,0.23979898444859865,0.2888203665416306,0.33293830292041204,0.554355059604182,0.554355059604182,0.554355059604182,0.554355059604182
Deviation,-,25%,25%,25%,25%,25%,25%,30%,30%,30%,30%,35%,35%,35%,35%,35%,35%,35%,35%,35%,35%,40%,40%,40%,40%,45%,45%,45%,45%,45%,45%,50%,50%,>50%,>50%,>50%,>50%,>50%,>50%,>50%,>50%,>50%,>50%,>50%,>50%,>50%,>50%,>50%,>50%,>50%,>50%,>50%,>50%
NodeOverlap,4,0,0,0,0,4,3,0,4,0,0,0,4,0,0,0,0,0,0,0,0,0,0,0,0,0,3,0,0,0,0,0,0,0,2,0,0,2,0,1,0,0,0,0,0,2,0,0,0,1,0,0,0
,,,,,,,,,,,,,,,,,,,,,,,,,,,,,,,,,,,,,,,,,,,,,,,,,,,,,
,C16: 4,C50: 4,C30: 3,C23: 5,C8: 17,C40: 18,C36: 5,C5: 123,C1: 143,C44: 2,C39: 2,C10: 104,C18: 62,C29: 60,C15: 4,C13: 73,C47: 46,C37: 53,C19: 2,C3: 3,C51: 5,C25: 3,C9: 3,C6: 2,C34: 2,C42: 24,C38: 7,C43: 4,C14: 29,C48: 3,C4: 18,C26: 26,C2: 16,C28: 1,C22: 1,C45: 1,C49: 1,C20: 15,C7: 15,C52: 6,C12: 14,C27: 7,C21: 2,C53: 5,C32: 3,C24: 8,C35: 2,C41: 6,C33: 2,C11: 5,C46: 8,C31: 7,C17: 8
C16: 4,0.0,0.0030238464187327843,0.00981309678819444,0.009974076005727006,0.017793776656386474,0.01859299885646283,0.019507532868449525,0.02328839961608209,0.023640106442523724,0.024877742370170503,0.027834797134541976,0.02910791469790712,0.03124626336634524,0.0320488583902663,0.03224827560986586,0.033082621234147014,0.033185987886005165,0.03374925666494289,0.037977430555555566,0.05220920138888888,0.057586949354744524,0.06158072522145775,0.06298519345238095,0.06427157875500153,0.07168753677653028,0.07258845849905564,0.0750894076301557,0.0806301356226421,0.08200698884737535,0.08205340070435135,0.08608645265606514,0.09054578477493352,0.09099727204947154,0.09277343749999996,0.09277343749999996,0.09277343749999996,0.09277343749999996,0.0928890954337665,0.0928890954337665,0.09511645587550728,0.09605727812960048,0.09778142155331418,0.10227650407913866,0.11271350115593815,0.11464754037480646,0.11510878712442227,0.12210140570771084,0.15109644195097766,0.16276938418273654,0.16823369201827465,0.3565789093093628,0.36354755653642057,0.4812975612617923
Deviation,-,15%,20%,20%,30%,30%,30%,30%,35%,35%,35%,35%,35%,35%,40%,40%,40%,40%,40%,45%,50%,50%,50%,50%,>50%,>50%,>50%,>50%,>50%,>50%,>50%,>50%,>50%,>50%,>50%,>50%,>50%,>50%,>50%,>50%,>50%,>50%,>50%,>50%,>50%,>50%,>50%,>50%,>50%,>50%,>50%,>50%,>50%
NodeOverlap,4,3,0,4,0,0,0,3,4,0,0,3,0,0,0,3,0,0,0,1,0,0,0,0,0,0,0,0,0,1,0,0,0,0,0,0,0,0,0,0,0,0,0,0,0,0,0,0,0,0,0,0,0
,,,,,,,,,,,,,,,,,,,,,,,,,,,,,,,,,,,,,,,,,,,,,,,,,,,,,
,C17: 8,C31: 7,C11: 5,C46: 8,C25: 3,C53: 5,C1: 143,C32: 3,C9: 3,C5: 123,C10: 104,C15: 4,C13: 73,C38: 7,C18: 62,C29: 60,C43: 4,C41: 6,C52: 6,C24: 8,C37: 53,C35: 2,C47: 46,C27: 7,C51: 5,C42: 24,C26: 26,C14: 29,C48: 3,C4: 18,C20: 15,C7: 15,C12: 14,C2: 16,C36: 5,C33: 2,C3: 3,C23: 5,C40: 18,C8: 17,C21: 2,C34: 2,C6: 2,C50: 4,C30: 3,C19: 2,C44: 2,C39: 2,C16: 4,C28: 1,C22: 1,C45: 1,C49: 1
C17: 8,0.0,0.002730666666666668,0.011185047498824287,0.014958388888888896,0.017872888888888876,0.02200122222222224,0.02312272071640124,0.0235851326562019,0.024058692284421986,0.02493669475597443,0.02842231835100724,0.032712232958563445,0.03928104131792362,0.04119518721645805,0.042850772201020966,0.04420829212529853,0.0442132699484998,0.04511705240143245,0.04534294906703201,0.048953886329939085,0.050082961605764496,0.053402651869467535,0.05368521488371258,0.06072784091416901,0.0620736632155259,0.0640520337725587,0.06504789094675954,0.06695418433065495,0.07528538333032868,0.08814225567001388,0.09079632786727773,0.09079632786727773,0.09393300111487876,0.09521402969924847,0.11991018394814194,0.12674288987508214,0.1470604236111111,0.15313126239753266,0.15876225020907112,0.16195410825918136,0.16909412037535115,0.2000520907343329,0.20933285303669052,0.335201279605334,0.3856384241252557,0.4186195555555557,0.4249363575456609,0.43258830274373095,0.4812975612617923,0.4881412222222221,0.4881412222222221,0.4881412222222221,0.4881412222222221
Deviation,-,10%,20%,25%,30%,30%,30%,30%,30%,30%,35%,35%,40%,40%,40%,40%,40%,40%,40%,45%,45%,45%,45%,50%,50%,50%,50%,50%,>50%,>50%,>50%,>50%,>50%,>50%,>50%,>50%,>50%,>50%,>50%,>50%,>50%,>50%,>50%,>50%,>50%,>50%,>50%,>50%,>50%,>50%,>50%,>50%,>50%
NodeOverlap,8,6,5,7,0,0,8,0,3,8,5,0,3,0,0,0,0,0,0,0,0,0,0,0,0,0,0,0,0,0,0,0,0,0,0,0,0,0,0,0,0,2,0,0,0,0,0,0,0,0,0,1,0
,,,,,,,,,,,,,,,,,,,,,,,,,,,,,,,,,,,,,,,,,,,,,,,,,,,,,
,C18: 62,C29: 60,C13: 73,C37: 53,C47: 46,C10: 104,C5: 123,C1: 143,C14: 29,C40: 18,C8: 17,C26: 26,C42: 24,C4: 18,C2: 16,C7: 15,C20: 15,C12: 14,C24: 8,C38: 7,C51: 5,C36: 5,C53: 5,C41: 6,C23: 5,C27: 7,C43: 4,C52: 6,C48: 3,C9: 3,C32: 3,C25: 3,C15: 4,C50: 4,C16: 4,C30: 3,C35: 2,C3: 3,C39: 2,C44: 2,C6: 2,C34: 2,C19: 2,C21: 2,C33: 2,C49: 1,C28: 1,C45: 1,C22: 1,C46: 8,C17: 8,C31: 7,C11: 5
C18: 62,0.0,8.566945230020111e-05,0.00041165565757896435,0.0007812503079112447,0.003130973087812577,0.004706552546886861,0.008097701846068157,0.00865074664121138,0.012895757757713237,0.013013656230418074,0.013645117733402795,0.014806851315488576,0.015029938037889462,0.017877381060656842,0.019478993418787977,0.0197673400160238,0.0197673400160238,0.02076734060786848,0.022364654055304026,0.022465986497982468,0.02454982411490504,0.025111706704056786,0.025167441054189017,0.025470159727414617,0.02569360839113065,0.025831916272415517,0.02607102169314625,0.02681856446251251,0.028228745166112162,0.029394409055564025,0.030022304423746794,0.030200190890555607,0.030531834171491638,0.03121727392858338,0.03124626336634524,0.03263841752930915,0.03264711375219773,0.03264815676905874,0.03407966905587289,0.03408200600728668,0.03408610411321991,0.03408742555555356,0.03408895699134086,0.034092435680834136,0.034100690950876617,0.03591262024477284,0.03591262024477284,0.03591262024477284,0.03591262024477284,0.04215065052851115,0.042850772201020966,0.046995730100847885,0.050523209706848766
Deviation,-,10%,15%,20%,40%,50%,>50%,>50%,>50%,>50%,>50%,>50%,>50%,>50%,>50%,>50%,>50%,>50%,>50%,>50%,>50%,>50%,>50%,>50%,>50%,>50%,>50%,>50%,>50%,>50%,>50%,>50%,>50%,>50%,>50%,>50%,>50%,>50%,>50%,>50%,>50%,>50%,>50%,>50%,>50%,>50%,>50%,>50%,>50%,>50%,>50%,>50%,>50%
NodeOverlap,62,60,62,53,46,62,62,62,0,0,0,0,0,0,0,0,0,0,0,0,5,4,0,0,0,0,4,5,0,0,0,0,0,0,0,2,0,0,0,0,0,0,0,0,0,1,0,0,0,1,0,1,0
,,,,,,,,,,,,,,,,,,,,,,,,,,,,,,,,,,,,,,,,,,,,,,,,,,,,,
,C19: 2,C44: 2,C39: 2,C8: 17,C40: 18,C5: 123,C1: 143,C10: 104,C18: 62,C29: 60,C13: 73,C37: 53,C16: 4,C47: 46,C6: 2,C34: 2,C30: 3,C51: 5,C21: 2,C23: 5,C36: 5,C50: 4,C33: 2,C42: 24,C22: 1,C28: 1,C45: 1,C49: 1,C14: 29,C52: 6,C26: 26,C38: 7,C35: 2,C4: 18,C2: 16,C3: 3,C53: 5,C25: 3,C20: 15,C7: 15,C12: 14,C9: 3,C27: 7,C24: 8,C48: 3,C43: 4,C15: 4,C41: 6,C32: 3,C17: 8,C46: 8,C31: 7,C11: 5
C19: 2,0.0,0.0020839083392786765,0.010314157229372192,0.02295655411306646,0.02379029264398792,0.024220383470843786,0.024312351305551608,0.030232849545840088,0.03408895699134086,0.035055750028477835,0.03505900244467328,0.0376420917333759,0.037977430555555566,0.038400786260211435,0.038542339525140495,0.04290378532802777,0.047126966707734363,0.05061044921802478,0.05903238596299629,0.06847551938339712,0.07061853559103895,0.08078512396694214,0.08566757330080924,0.0873939801062033,0.09090909090909086,0.09090909090909086,0.09090909090909086,0.09090909090909086,0.09452144787782024,0.09628134650021493,0.10570707860095524,0.11750446595145395,0.16987903571734966,0.17437999357573247,0.17792172503816306,0.18117992294957191,0.18763291560222,0.20306122448979588,0.2030817505592539,0.2030817505592539,0.20487997471931774,0.21659788053422047,0.25729677563519365,0.2645802454856946,0.2833651321586749,0.3057013209949944,0.33293830292041204,0.3465479810925152,0.3736312039608744,0.4186195555555557,0.4321093750000001,0.5416571654124148,0.5582800322493953
Deviation,-,10%,15%,25%,25%,25%,25%,25%,30%,30%,30%,30%,30%,30%,30%,30%,35%,35%,35%,40%,40%,40%,45%,45%,45%,45%,45%,45%,45%,45%,50%,50%,>50%,>50%,>50%,>50%,>50%,>50%,>50%,>50%,>50%,>50%,>50%,>50%,>50%,>50%,>50%,>50%,>50%,>50%,>50%,>50%,>50%
NodeOverlap,2,0,0,0,0,0,2,0,0,0,0,0,0,0,0,0,0,0,0,1,0,1,0,0,0,1,0,0,0,0,0,0,0,0,0,2,0,0,0,0,0,0,0,0,0,0,0,0,0,0,0,0,0
,,,,,,,,,,,,,,,,,,,,,,,,,,,,,,,,,,,,,,,,,,,,,,,,,,,,,
,C7: 15,C20: 15,C12: 14,C2: 16,C4: 18,C26: 26,C14: 29,C42: 24,C1: 143,C5: 123,C10: 104,C24: 8,C13: 73,C18: 62,C8: 17,C29: 60,C38: 7,C27: 7,C40: 18,C37: 53,C47: 46,C52: 6,C41: 6,C51: 5,C53: 5,C36: 5,C23: 5,C50: 4,C43: 4,C17: 8,C16: 4,C48: 3,C15: 4,C3: 3,C31: 7,C30: 3,C9: 3,C46: 8,C25: 3,C32: 3,C11: 5,C33: 2,C19: 2,C44: 2,C39: 2,C6: 2,C34: 2,C21: 2,C35: 2,C22: 1,C45: 1,C49: 1,C28: 1
C20: 15,0.0,0.0,0.0001732961904066756,0.0008098497330404558,0.0010805617614818657,0.008084951778954614,0.00870556900453207,0.01002175369068954,0.014682544401398644,0.014837028083007376,0.015556865289612231,0.01775324702441215,0.01913762019419337,0.0197673400160238,0.020241146656138832,0.020472080457304857,0.021328068887790718,0.02174490048778518,0.0229570131874945,0.02317761822679397,0.0235432151282951,0.03511068012543856,0.036639928159316916,0.03986553931568397,0.058072074419873686,0.05951891447751077,0.06003578810265341,0.08013838879020939,0.0853884742771775,0.09079632786727773,0.0928890954337665,0.09505745468363384,0.09785599685510044,0.1003039898299131,0.1032768485083426,0.10963938035562963,0.12084103893593776,0.12366669920259556,0.12875676997689994,0.13173568877578676,0.16483621001155502,0.16693280687729872,0.2030817505592539,0.20311440862788085,0.20327759763040695,0.20376024388850555,0.20382676914553394,0.2040592851014273,0.2177674576439232,0.22330201743040254,0.22330201743040254,0.22330201743040254,0.22330201743040254
Deviation,5%,-,5%,10%,15%,30%,35%,35%,40%,40%,45%,45%,50%,50%,50%,50%,50%,50%,50%,50%,>50%,>50%,>50%,>50%,>50%,>50%,>50%,>50%,>50%,>50%,>50%,>50%,>50%,>50%,>50%,>50%,>50%,>50%,>50%,>50%,>50%,>50%,>50%,>50%,>50%,>50%,>50%,>50%,>50%,>50%,>50%,>50%,>50%
NodeOverlap,14,15,14,14,15,0,0,0,15,0,1,8,1,0,0,0,7,7,0,0,0,0,6,0,5,0,0,0,0,0,0,0,0,0,0,0,0,0,0,0,0,2,0,2,0,0,0,0,0,0,0,0,0
,,,,,,,,,,,,,,,,,,,,,,,,,,,,,,,,,,,,,,,,,,,,,,,,,,,,,
,C21: 2,C34: 2,C6: 2,C33: 2,C3: 3,C39: 2,C8: 17,C5: 123,C40: 18,C1: 143,C35: 2,C10: 104,C18: 62,C13: 73,C29: 60,C37: 53,C47: 46,C36: 5,C44: 2,C43: 4,C15: 4,C30: 3,C19: 2,C38: 7,C53: 5,C50: 4,C23: 5,C42: 24,C48: 3,C14: 29,C9: 3,C16: 4,C32: 3,C52: 6,C26: 26,C25: 3,C27: 7,C51: 5,C12: 14,C17: 8,C4: 18,C2: 16,C24: 8,C20: 15,C7: 15,C31: 7,C11: 5,C41: 6,C46: 8,C22: 1,C45: 1,C49: 1,C28: 1
C21: 2,0.0,0.0012840413630851733,0.0021756424157101197,0.0024725181477305053,0.008614193380449173,0.019995988567427226,0.023554982240625143,0.02421152939095337,0.02429645412463374,0.024305956317305453,0.028627974501222155,0.03022529862693289,0.034092435680834136,0.03505827863084845,0.03506456441964105,0.03766481681866129,0.03845172383048375,0.03851235427424342,0.03893359100481318,0.05167275876748721,0.05545380960585818,0.057660255689481237,0.05903238596299629,0.06877479497109834,0.06945806127839074,0.07581336415719184,0.0844215924507914,0.08819763382643346,0.0925210261356234,0.09485982105953054,0.1017128320212583,0.10227650407913866,0.10526233037715924,0.10582180669919923,0.10627297057583143,0.11954281731457828,0.1208562430936342,0.13238574908864248,0.16804969467969674,0.16909412037535115,0.1749614188365059,0.17851419872640858,0.1806595645465215,0.2040592851014273,0.2040592851014273,0.21095023698101376,0.23304017941340885,0.259255100776268,0.4756288939438382,0.7591927607009481,0.7591927607009481,0.7591927607009481,0.7591927607009481
Deviation,-,5%,10%,10%,15%,20%,20%,20%,20%,20%,25%,25%,25%,25%,25%,25%,25%,25%,25%,30%,30%,35%,35%,35%,35%,35%,40%,40%,40%,40%,40%,45%,45%,45%,45%,45%,45%,50%,>50%,>50%,>50%,>50%,>50%,>50%,>50%,>50%,>50%,>50%,>50%,>50%,>50%,>50%,>50%
NodeOverlap,2,0,0,0,0,0,0,2,0,2,0,2,0,0,0,0,0,0,0,0,0,0,0,0,0,0,0,0,0,2,0,0,2,0,0,0,0,0,0,0,0,0,0,0,0,0,0,0,0,0,0,0,0
,,,,,,,,,,,,,,,,,,,,,,,,,,,,,,,,,,,,,,,,,,,,,,,,,,,,,
,C45: 1,C22: 1,C28: 1,C49: 1,C1: 143,C5: 123,C8: 17,C10: 104,C40: 18,C18: 62,C13: 73,C29: 60,C37: 53,C47: 46,C19: 2,C16: 4,C42: 24,C14: 29,C26: 26,C30: 3,C36: 5,C23: 5,C44: 2,C4: 18,C2: 16,C38: 7,C50: 4,C51: 5,C7: 15,C20: 15,C12: 14,C52: 6,C39: 2,C24: 8,C53: 5,C27: 7,C3: 3,C41: 6,C43: 4,C48: 3,C46: 8,C17: 8,C15: 4,C6: 2,C34: 2,C31: 7,C9: 3,C25: 3,C21: 2,C11: 5,C32: 3,C33: 2,C35: 2
C22: 1,0.0,0.0,0.0,0.0,0.024652122848363253,0.024690611665603542,0.03052712454378977,0.030874474359008305,0.030904796412208307,0.03591262024477284,0.03635496594046457,0.03699108130276528,0.040125568694680376,0.04169607823154038,0.09090909090909086,0.09277343749999996,0.0954966685133174,0.1004735179565214,0.11282486462987568,0.11850235901889622,0.12655501730103808,0.13310664085514684,0.16692921655114468,0.1881388346354166,0.19637827699443008,0.19666930978079247,0.20648243801652894,0.2076053194180585,0.22330201743040254,0.22330201743040254,0.2289137184242159,0.2429978411779593,0.2912625608347045,0.3238171633968976,0.33192154612929825,0.3586739248367468,0.3629373317954631,0.4645688660479801,0.4659640566051585,0.4674998664743898,0.4855859375,0.4881412222222221,0.554355059604182,0.5805332359386413,0.6198092031425364,0.6413840326898259,0.7178207283643298,0.7472789115646258,0.7591927607009481,0.7726847621607096,0.8489151873767258,0.9760072430964236,1.6081314878892732
Deviation,5%,-,5%,5%,20%,20%,20%,20%,20%,20%,20%,20%,25%,25%,35%,35%,35%,35%,35%,35%,40%,40%,45%,45%,45%,45%,50%,50%,50%,50%,50%,50%,>50%,>50%,>50%,>50%,>50%,>50%,>50%,>50%,>50%,>50%,>50%,>50%,>50%,>50%,>50%,>50%,>50%,>50%,>50%,>50%,>50%
NodeOverlap,0,1,0,0,1,1,0,1,0,0,1,0,0,0,0,0,0,0,0,0,0,0,0,0,0,0,0,0,0,0,0,0,1,0,0,0,0,0,0,0,0,0,1,0,0,0,0,0,0,0,0,0,0
,,,,,,,,,,,,,,,,,,,,,,,,,,,,,,,,,,,,,,,,,,,,,,,,,,,,,
,C23: 5,C51: 5,C50: 4,C36: 5,C16: 4,C15: 4,C40: 18,C8: 17,C10: 104,C30: 3,C5: 123,C1: 143,C18: 62,C29: 60,C13: 73,C47: 46,C37: 53,C42: 24,C38: 7,C26: 26,C3: 3,C53: 5,C14: 29,C39: 2,C27: 7,C52: 6,C41: 6,C24: 8,C20: 15,C7: 15,C6: 2,C12: 14,C4: 18,C34: 2,C2: 16,C48: 3,C19: 2,C44: 2,C43: 4,C21: 2,C25: 3,C32: 3,C33: 2,C11: 5,C22: 1,C45: 1,C49: 1,C28: 1,C17: 8,C31: 7,C9: 3,C35: 2,C46: 8
C23: 5,0.0,0.0027873539265407077,0.0031158249114521877,0.006707908792177566,0.009974076005727006,0.016241665752426172,0.01760399230502134,0.01794070972292665,0.02237015840396937,0.022735642992504017,0.0228968979178458,0.023294651351888133,0.02569360839113065,0.026358475568593,0.0272516615804384,0.027969673364965027,0.028689883266845576,0.03529613976270328,0.03922614593271173,0.039330419894281016,0.04145428654927308,0.04228684306290285,0.042977939548259486,0.04472727019879084,0.04667857723049594,0.05088933097458643,0.05312036875582237,0.057169698065718325,0.06003578810265341,0.06003578810265341,0.06067669008977026,0.06202957010486512,0.06264783832500098,0.06502717967627786,0.06614740346186966,0.0669989125659371,0.06847551938339712,0.06990318301285901,0.07600947270474827,0.0844215924507914,0.08810591458556823,0.1184272524914748,0.12703376728512022,0.12996768523366886,0.13310664085514684,0.13310664085514684,0.13310664085514684,0.13310664085514684,0.15313126239753266,0.1568067882314875,0.16585958343985685,0.4097276775555118,0.450991773914928
Deviation,-,15%,15%,20%,25%,30%,30%,30%,35%,35%,35%,35%,35%,35%,40%,40%,40%,45%,45%,45%,45%,45%,45%,50%,50%,50%,50%,>50%,>50%,>50%,>50%,>50%,>50%,>50%,>50%,>50%,>50%,>50%,>50%,>50%,>50%,>50%,>50%,>50%,>50%,>50%,>50%,>50%,>50%,>50%,>50%,>50%,>50%
NodeOverlap,5,0,4,0,4,0,0,0,3,0,3,5,0,0,3,0,0,0,0,0,2,0,0,0,0,0,0,0,0,0,0,0,0,0,0,1,1,0,0,0,0,0,0,0,0,0,0,0,0,0,0,0,0
,,,,,,,,,,,,,,,,,,,,,,,,,,,,,,,,,,,,,,,,,,,,,,,,,,,,,
,C24: 8,C41: 6,C38: 7,C52: 6,C27: 7,C31: 7,C51: 5,C5: 123,C1: 143,C53: 5,C7: 15,C20: 15,C12: 14,C42: 24,C10: 104,C4: 18,C26: 26,C14: 29,C2: 16,C18: 62,C29: 60,C13: 73,C47: 46,C37: 53,C15: 4,C25: 3,C9: 3,C11: 5,C43: 4,C36: 5,C17: 8,C40: 18,C8: 17,C23: 5,C32: 3,C50: 4,C3: 3,C46: 8,C16: 4,C48: 3,C33: 2,C21: 2,C34: 2,C6: 2,C30: 3,C35: 2,C19: 2,C44: 2,C39: 2,C45: 1,C28: 1,C49: 1,C22: 1
C24: 8,0.0,0.0038689973487283,0.004748085105241692,0.005200940280837136,0.007664991692800394,0.014536411282531162,0.015082551467952638,0.01727172567542101,0.017442604063818475,0.01753241300293483,0.01775324702441215,0.01775324702441215,0.01895231389636963,0.019180870602281186,0.019201200235569427,0.01939841710245077,0.019670492315526658,0.020832741143141608,0.021871729734701445,0.022364654055304026,0.023107093074216854,0.023429475118597644,0.024893635300982844,0.02553870046792306,0.026714376357618263,0.031107931569870368,0.033817463899899536,0.03705517005594351,0.041117477946060264,0.0481428734835853,0.048953886329939085,0.05443357714848317,0.05493595351903367,0.057169698065718325,0.07038082614952193,0.07391008594448202,0.07949039852922632,0.09674121987451027,0.11510878712442227,0.1202837406596941,0.18063583544219491,0.1806595645465215,0.18541321508704792,0.18738538888612508,0.2442192082328085,0.251792929788246,0.2645802454856946,0.2665581745169585,0.2693562760546001,0.3238171633968976,0.3238171633968976,0.3238171633968976,0.3238171633968976
Deviation,-,15%,20%,20%,25%,30%,30%,35%,35%,35%,35%,35%,35%,35%,35%,35%,35%,35%,35%,40%,40%,40%,40%,40%,40%,45%,45%,50%,50%,>50%,>50%,>50%,>50%,>50%,>50%,>50%,>50%,>50%,>50%,>50%,>50%,>50%,>50%,>50%,>50%,>50%,>50%,>50%,>50%,>50%,>50%,>50%,>50%
NodeOverlap,8,6,1,0,0,0,0,0,8,1,7,8,7,0,1,8,0,0,7,0,0,1,0,0,0,0,0,0,0,0,0,0,0,0,0,0,0,0,0,0,1,0,0,0,0,0,0,0,0,0,0,0,0
,,,,,,,,,,,,,,,,,,,,,,,,,,,,,,,,,,,,,,,,,,,,,,,,,,,,,
,C25: 3,C9: 3,C32: 3,C43: 4,C3: 3,C17: 8,C48: 3,C11: 5,C5: 123,C1: 143,C31: 7,C10: 104,C46: 8,C18: 62,C29: 60,C13: 73,C24: 8,C47: 46,C37: 53,C53: 5,C41: 6,C42: 24,C15: 4,C50: 4,C51: 5,C30: 3,C26: 26,C16: 4,C14: 29,C33: 2,C38: 7,C23: 5,C40: 18,C8: 17,C27: 7,C21: 2,C4: 18,C20: 15,C7: 15,C52: 6,C12: 14,C36: 5,C2: 16,C34: 2,C6: 2,C19: 2,C44: 2,C39: 2,C35: 2,C45: 1,C49: 1,C22: 1,C28: 1
C25: 3,0.0,0.00012872763697093496,0.005629754860524091,0.00963245965170091,0.01401988246278905,0.017872888888888876,0.0189864261679676,0.019728991250361105,0.02074472833276255,0.02082761091335257,0.02227293435536109,0.024493334024928,0.02758281250000001,0.030200190890555607,0.030268688643391974,0.031053532462363406,0.031107931569870368,0.03240635985428365,0.03306089370781713,0.03527697940989788,0.03625777607105817,0.053285638045171065,0.054376773514154056,0.05504337577899943,0.0561324035994908,0.058287327172264265,0.06053615451032485,0.06158072522145775,0.06746589097312422,0.07904593554862617,0.08623142750355713,0.08810591458556823,0.094393049291193,0.10375852067030818,0.10695044523544332,0.11954281731457828,0.12377197265624998,0.12875676997689994,0.12875676997689994,0.1330301022431909,0.13706024807475642,0.13721187215551794,0.13730613059241664,0.15702530612244908,0.1695396383994975,0.20306122448979588,0.21504783163265287,0.29927741133261204,0.42020966198979576,0.7472789115646258,0.7472789115646258,0.7472789115646258,0.7472789115646258
Deviation,-,5%,15%,15%,20%,20%,20%,20%,25%,25%,25%,25%,25%,25%,25%,30%,30%,30%,30%,30%,30%,35%,35%,35%,35%,35%,35%,40%,40%,40%,45%,45%,45%,50%,50%,50%,>50%,>50%,>50%,>50%,>50%,>50%,>50%,>50%,>50%,>50%,>50%,>50%,>50%,>50%,>50%,>50%,>50%
NodeOverlap,3,0,0,0,0,0,0,0,2,3,0,3,0,0,0,3,0,0,0,0,0,0,3,0,0,0,0,0,0,0,0,0,0,0,0,0,2,0,0,0,0,0,1,0,0,0,0,1,2,0,0,0,0
,,,,,,,,,,,,,,,,,,,,,,,,,,,,,,,,,,,,,,,,,,,,,,,,,,,,,
,C26: 26,C42: 24,C14: 29,C4: 18,C2: 16,C7: 15,C20: 15,C12: 14,C1: 143,C10: 104,C40: 18,C5: 123,C47: 46,C8: 17,C13: 73,C29: 60,C18: 62,C37: 53,C24: 8,C38: 7,C52: 6,C27: 7,C41: 6,C23: 5,C53: 5,C51: 5,C50: 4,C15: 4,C48: 3,C3: 3,C9: 3,C25: 3,C17: 8,C36: 5,C43: 4,C31: 7,C46: 8,C35: 2,C32: 3,C16: 4,C11: 5,C30: 3,C19: 2,C44: 2,C39: 2,C6: 2,C34: 2,C21: 2,C33: 2,C45: 1,C22: 1,C49: 1,C28: 1
C26: 26,0.0,0.0005597954159824005,0.0007853893678552098,0.005423699311677331,0.007233604406468467,0.008084951778954614,0.008084951778954614,0.009759693317369427,0.011820269442897284,0.011894379737752843,0.01214417460442196,0.012324406596295731,0.01305251109010786,0.013452549174453076,0.014166704778575363,0.01462388884628909,0.014806851315488576,0.014809102171498185,0.019670492315526658,0.02145996717586164,0.02611168733336035,0.02672592816380941,0.028713362382889164,0.039330419894281016,0.04483460217921241,0.045175134196534066,0.04988114733924681,0.0512796872698102,0.0526013857211468,0.05758227308258802,0.0578543673469388,0.06053615451032485,0.06504789094675954,0.0682242814159554,0.06903451922494795,0.0753444177768502,0.0755278367346939,0.08510428788793621,0.09053805772322712,0.09054578477493352,0.09221795479771697,0.09830170602619212,0.10570707860095524,0.10578344841005946,0.10590295727256988,0.10614441207331672,0.10617383364471228,0.10627297057583143,0.10641319571675907,0.11282486462987568,0.11282486462987568,0.11282486462987568,0.11282486462987568
Deviation,-,10%,15%,35%,40%,40%,40%,45%,50%,50%,50%,50%,50%,50%,50%,>50%,>50%,>50%,>50%,>50%,>50%,>50%,>50%,>50%,>50%,>50%,>50%,>50%,>50%,>50%,>50%,>50%,>50%,>50%,>50%,>50%,>50%,>50%,>50%,>50%,>50%,>50%,>50%,>50%,>50%,>50%,>50%,>50%,>50%,>50%,>50%,>50%,>50%
NodeOverlap,26,24,26,1,1,1,0,0,26,25,1,25,0,0,0,0,0,0,0,0,0,0,0,0,0,0,0,0,0,0,0,0,0,0,0,0,0,0,1,0,0,0,0,0,0,0,0,0,0,0,0,0,0
,,,,,,,,,,,,,,,,,,,,,,,,,,,,,,,,,,,,,,,,,,,,,,,,,,,,,
,C27: 7,C52: 6,C24: 8,C38: 7,C51: 5,C41: 6,C1: 143,C5: 123,C10: 104,C20: 15,C7: 15,C12: 14,C18: 62,C13: 73,C29: 60,C26: 26,C4: 18,C14: 29,C42: 24,C37: 53,C47: 46,C53: 5,C2: 16,C15: 4,C36: 5,C23: 5,C48: 3,C43: 4,C50: 4,C17: 8,C31: 7,C40: 18,C8: 17,C3: 3,C16: 4,C9: 3,C25: 3,C11: 5,C30: 3,C21: 2,C32: 3,C46: 8,C34: 2,C6: 2,C33: 2,C39: 2,C35: 2,C19: 2,C44: 2,C22: 1,C45: 1,C28: 1,C49: 1
C27: 7,0.0,0.006406939745803532,0.007664991692800394,0.01027107736668482,0.01094614228758967,0.01615320851016128,0.018279261976332558,0.01829171022569361,0.020540370285111083,0.02174490048778518,0.02174490048778518,0.023032133532288283,0.025831916272415517,0.026088918454591523,0.026561325948406458,0.02672592816380941,0.027079748064438528,0.02732826837047412,0.028917149395316533,0.029779677910459306,0.029799143100253205,0.03009348565024825,0.030331441014947405,0.03937208720542257,0.04406559799718676,0.04667857723049594,0.05321120098855793,0.05588787461303922,0.057529682605487,0.06072784091416901,0.06148131558785984,0.07613672916081514,0.0771479242298097,0.08081326103884465,0.09778142155331418,0.09782921392806132,0.10695044523544332,0.10907831849837253,0.11860920969571255,0.1208562430936342,0.12201254003248355,0.1229741924913818,0.1234805493486997,0.12500114007665875,0.1257181058213387,0.14756604615850286,0.22063814223368391,0.25729677563519365,0.2576249752033326,0.3586739248367468,0.3586739248367468,0.3586739248367468,0.3586739248367468
Deviation,-,20%,20%,25%,25%,30%,35%,35%,35%,35%,35%,35%,40%,40%,40%,40%,40%,40%,40%,40%,40%,40%,40%,50%,50%,50%,>50%,>50%,>50%,>50%,>50%,>50%,>50%,>50%,>50%,>50%,>50%,>50%,>50%,>50%,>50%,>50%,>50%,>50%,>50%,>50%,>50%,>50%,>50%,>50%,>50%,>50%,>50%
NodeOverlap,7,0,0,6,0,0,7,0,0,7,7,7,0,0,0,0,7,0,0,0,0,4,7,0,0,0,0,0,0,0,0,0,0,0,0,0,0,0,0,0,0,0,0,0,1,0,0,0,2,0,0,0,0
,,,,,,,,,,,,,,,,,,,,,,,,,,,,,,,,,,,,,,,,,,,,,,,,,,,,,
,C45: 1,C22: 1,C28: 1,C49: 1,C1: 143,C5: 123,C8: 17,C10: 104,C40: 18,C18: 62,C13: 73,C29: 60,C37: 53,C47: 46,C19: 2,C16: 4,C42: 24,C14: 29,C26: 26,C30: 3,C36: 5,C23: 5,C44: 2,C4: 18,C2: 16,C38: 7,C50: 4,C51: 5,C7: 15,C20: 15,C12: 14,C52: 6,C39: 2,C24: 8,C53: 5,C27: 7,C3: 3,C41: 6,C43: 4,C48: 3,C46: 8,C17: 8,C15: 4,C6: 2,C34: 2,C31: 7,C9: 3,C25: 3,C21: 2,C11: 5,C32: 3,C33: 2,C35: 2
C28: 1,0.0,0.0,0.0,0.0,0.024652122848363253,0.024690611665603542,0.03052712454378977,0.030874474359008305,0.030904796412208307,0.03591262024477284,0.03635496594046457,0.03699108130276528,0.040125568694680376,0.04169607823154038,0.09090909090909086,0.09277343749999996,0.0954966685133174,0.1004735179565214,0.11282486462987568,0.11850235901889622,0.12655501730103808,0.13310664085514684,0.16692921655114468,0.1881388346354166,0.19637827699443008,0.19666930978079247,0.20648243801652894,0.2076053194180585,0.22330201743040254,0.22330201743040254,0.2289137184242159,0.2429978411779593,0.2912625608347045,0.3238171633968976,0.33192154612929825,0.3586739248367468,0.3629373317954631,0.4645688660479801,0.4659640566051585,0.4674998664743898,0.4855859375,0.4881412222222221,0.554355059604182,0.5805332359386413,0.6198092031425364,0.6413840326898259,0.7178207283643298,0.7472789115646258,0.7591927607009481,0.7726847621607096,0.8489151873767258,0.9760072430964236,1.6081314878892732
Deviation,5%,5%,-,5%,20%,20%,20%,20%,20%,20%,20%,20%,25%,25%,35%,35%,35%,35%,35%,35%,40%,40%,45%,45%,45%,45%,50%,50%,50%,50%,50%,50%,>50%,>50%,>50%,>50%,>50%,>50%,>50%,>50%,>50%,>50%,>50%,>50%,>50%,>50%,>50%,>50%,>50%,>50%,>50%,>50%,>50%
NodeOverlap,0,0,1,0,1,0,0,0,0,0,0,0,0,0,1,0,0,0,0,0,0,0,0,0,0,0,0,0,0,0,0,0,0,0,0,0,1,0,0,0,0,0,0,0,0,0,0,0,0,0,0,0,0
,,,,,,,,,,,,,,,,,,,,,,,,,,,,,,,,,,,,,,,,,,,,,,,,,,,,,
,C29: 60,C18: 62,C37: 53,C13: 73,C47: 46,C10: 104,C5: 123,C1: 143,C14: 29,C40: 18,C8: 17,C26: 26,C42: 24,C4: 18,C2: 16,C20: 15,C7: 15,C12: 14,C38: 7,C24: 8,C51: 5,C53: 5,C36: 5,C41: 6,C23: 5,C27: 7,C43: 4,C52: 6,C48: 3,C9: 3,C32: 3,C25: 3,C15: 4,C50: 4,C16: 4,C35: 2,C30: 3,C3: 3,C39: 2,C44: 2,C19: 2,C6: 2,C34: 2,C21: 2,C33: 2,C22: 1,C49: 1,C45: 1,C28: 1,C46: 8,C17: 8,C31: 7,C11: 5
C29: 60,0.0,8.566945230020111e-05,0.00048240588365810165,0.0006522247487640654,0.002340670269147441,0.005351462747825125,0.008742779726228282,0.0091596626279067,0.012622908938248436,0.013620586034853265,0.014338859472098344,0.01462388884628909,0.015086030758437481,0.018592994042655502,0.020412830486932945,0.020472080457304857,0.020472080457304857,0.02162314853892815,0.023012528327926208,0.023107093074216854,0.02513463839090211,0.02563486897857572,0.025723306361473176,0.02619867479329908,0.026358475568593,0.026561325948406458,0.026726638162761933,0.027723821997583525,0.028327416988641236,0.02944985530601427,0.03009914072516872,0.030268688643391974,0.031312637649755524,0.03202090206970399,0.0320488583902663,0.033080233714207125,0.03352528420140126,0.03354152172100958,0.035048223551985704,0.03504945738744825,0.035055750028477835,0.03505697699881627,0.035058584964418237,0.03506456441964105,0.03507419850409778,0.03699108130276528,0.03699108130276528,0.03699108130276528,0.03699108130276528,0.04351076040234772,0.04420829212529853,0.04824222582406533,0.05183053364755266
Deviation,-,10%,15%,20%,35%,50%,>50%,>50%,>50%,>50%,>50%,>50%,>50%,>50%,>50%,>50%,>50%,>50%,>50%,>50%,>50%,>50%,>50%,>50%,>50%,>50%,>50%,>50%,>50%,>50%,>50%,>50%,>50%,>50%,>50%,>50%,>50%,>50%,>50%,>50%,>50%,>50%,>50%,>50%,>50%,>50%,>50%,>50%,>50%,>50%,>50%,>50%,>50%
NodeOverlap,60,60,53,60,46,60,60,60,0,0,0,0,0,0,0,0,0,0,0,0,5,0,2,0,0,0,4,3,0,0,0,0,0,0,0,0,0,0,0,0,0,0,0,0,0,0,1,0,0,1,0,1,0
,,,,,,,,,,,,,,,,,,,,,,,,,,,,,,,,,,,,,,,,,,,,,,,,,,,,,
,C30: 3,C39: 2,C16: 4,C44: 2,C48: 3,C3: 3,C8: 17,C36: 5,C40: 18,C23: 5,C5: 123,C1: 143,C50: 4,C6: 2,C10: 104,C18: 62,C34: 2,C29: 60,C13: 73,C37: 53,C47: 46,C19: 2,C9: 3,C21: 2,C25: 3,C42: 24,C51: 5,C32: 3,C14: 29,C26: 26,C52: 6,C7: 15,C20: 15,C12: 14,C45: 1,C28: 1,C49: 1,C22: 1,C27: 7,C53: 5,C2: 16,C43: 4,C4: 18,C38: 7,C15: 4,C33: 2,C41: 6,C24: 8,C35: 2,C31: 7,C17: 8,C11: 5,C46: 8
C30: 3,0.0,0.007765996990411038,0.00981309678819444,0.016417389927638634,0.018423285561439743,0.018838053483846817,0.020506789671295704,0.02115613387404399,0.02127456983358909,0.022735642992504017,0.023737021352052155,0.02396360594882876,0.02591472026730373,0.02791741755391519,0.029573950886509107,0.03263841752930915,0.03351284788205248,0.03352528420140126,0.03404825376697492,0.035669002358518616,0.03577267845627353,0.047126966707734363,0.05647943152909445,0.057660255689481237,0.058287327172264265,0.07898191573446314,0.07996521373023871,0.08454956851736486,0.08831581979491547,0.09830170602619212,0.10722389353949556,0.10963938035562963,0.10963938035562963,0.11302567805238485,0.11850235901889622,0.11850235901889622,0.11850235901889622,0.11850235901889622,0.11860920969571255,0.12839489555254194,0.1573358935902865,0.15766795699230576,0.1592697803517537,0.18554480688521485,0.19229367839445866,0.1976558573871915,0.1999568642885784,0.2442192082328085,0.2860285540207141,0.3543624443553517,0.3856384241252557,0.39110033462560384,0.42711922204260255
Deviation,-,15%,20%,25%,25%,25%,25%,25%,25%,30%,30%,30%,30%,30%,30%,35%,35%,35%,35%,35%,35%,40%,40%,45%,45%,50%,50%,50%,50%,>50%,>50%,>50%,>50%,>50%,>50%,>50%,>50%,>50%,>50%,>50%,>50%,>50%,>50%,>50%,>50%,>50%,>50%,>50%,>50%,>50%,>50%,>50%,>50%
NodeOverlap,3,0,0,0,0,0,0,3,0,0,3,3,0,0,3,2,0,0,2,0,0,0,0,0,0,0,0,0,1,0,3,0,0,0,0,0,0,0,0,0,0,0,0,0,0,0,0,0,0,0,0,0,0
,,,,,,,,,,,,,,,,,,,,,,,,,,,,,,,,,,,,,,,,,,,,,,,,,,,,,
,C31: 7,C17: 8,C11: 5,C24: 8,C25: 3,C1: 143,C46: 8,C5: 123,C15: 4,C53: 5,C10: 104,C9: 3,C32: 3,C13: 73,C38: 7,C18: 62,C41: 6,C29: 60,C43: 4,C52: 6,C37: 53,C47: 46,C27: 7,C51: 5,C14: 29,C26: 26,C42: 24,C48: 3,C7: 15,C20: 15,C4: 18,C12: 14,C2: 16,C36: 5,C23: 5,C33: 2,C3: 3,C40: 18,C50: 4,C8: 17,C35: 2,C21: 2,C34: 2,C6: 2,C39: 2,C30: 3,C16: 4,C19: 2,C44: 2,C28: 1,C49: 1,C22: 1,C45: 1
C31: 7,0.0,0.002730666666666668,0.00807885756289411,0.014536411282531162,0.02227293435536109,0.02428681676010028,0.025216784722222226,0.02631133241617515,0.0271171296078811,0.02714375666224441,0.03032770759277743,0.031197088804802882,0.034316001306673324,0.04262770573902267,0.04498028274445267,0.046995730100847885,0.04786524482236002,0.04824222582406533,0.049726000960895717,0.05090460979194667,0.055003183145776666,0.0591851550316881,0.06148131558785984,0.07086456273672484,0.0747075011553937,0.0753444177768502,0.07918056291126375,0.08676052329026054,0.1032768485083426,0.1032768485083426,0.1046275961413608,0.10721885977973976,0.11368490704669935,0.12374317344421365,0.1568067882314875,0.16150310650961475,0.17858923177301134,0.18349627971984211,0.1844377617822603,0.18819709529383205,0.19172065584537434,0.21095023698101376,0.2475938279245874,0.25865757307122383,0.35325482729864066,0.3543624443553517,0.36354755653642057,0.5416571654124148,0.5492473854568929,0.6413840326898259,0.6413840326898259,0.6413840326898259,0.6413840326898259
Deviation,-,10%,20%,25%,30%,30%,30%,30%,30%,30%,35%,35%,35%,40%,40%,40%,40%,40%,40%,45%,45%,45%,45%,50%,50%,50%,>50%,>50%,>50%,>50%,>50%,>50%,>50%,>50%,>50%,>50%,>50%,>50%,>50%,>50%,>50%,>50%,>50%,>50%,>50%,>50%,>50%,>50%,>50%,>50%,>50%,>50%,>50%
NodeOverlap,7,6,3,0,0,7,6,7,0,0,6,1,0,4,0,1,0,1,0,0,0,0,0,0,0,0,0,0,0,0,0,0,0,0,0,0,0,0,0,0,0,0,0,0,0,0,0,0,0,0,1,0,0
,,,,,,,,,,,,,,,,,,,,,,,,,,,,,,,,,,,,,,,,,,,,,,,,,,,,,
,C32: 3,C9: 3,C25: 3,C43: 4,C5: 123,C1: 143,C46: 8,C35: 2,C17: 8,C3: 3,C10: 104,C11: 5,C18: 62,C29: 60,C13: 73,C47: 46,C37: 53,C31: 7,C15: 4,C53: 5,C48: 3,C33: 2,C14: 29,C24: 8,C50: 4,C30: 3,C42: 24,C38: 7,C26: 26,C40: 18,C51: 5,C41: 6,C8: 17,C21: 2,C16: 4,C23: 5,C27: 7,C4: 18,C20: 15,C7: 15,C2: 16,C52: 6,C12: 14,C36: 5,C34: 2,C6: 2,C19: 2,C44: 2,C39: 2,C28: 1,C45: 1,C49: 1,C22: 1
C32: 3,0.0,0.004792084274779113,0.005629754860524091,0.012384651288013904,0.02079353970985881,0.02088166004887451,0.020925056267313023,0.023246406267927688,0.0235851326562019,0.02394181573313861,0.02459612434715068,0.0273096480891481,0.030022304423746794,0.03009914072516872,0.030946636746215343,0.03213110835604914,0.032836308087645406,0.034316001306673324,0.04011357777812494,0.040400853972093975,0.042960874309893836,0.06055714630616585,0.06780980023953333,0.07038082614952193,0.08262913223140482,0.08454956851736486,0.08507639774165145,0.08884330590275613,0.09053805772322712,0.09153426400121624,0.09296813746444148,0.0995892079470312,0.10056758377411636,0.10526233037715924,0.11464754037480646,0.1184272524914748,0.12201254003248355,0.12549954322076615,0.13173568877578676,0.13173568877578676,0.13909450322497555,0.14009682795487524,0.14018629745832714,0.14364249244666266,0.1456321893491125,0.15899496679801034,0.3736312039608744,0.398722206708127,0.4340896505795049,0.8489151873767258,0.8489151873767258,0.8489151873767258,0.8489151873767258
Deviation,-,10%,15%,20%,20%,20%,20%,25%,25%,25%,25%,25%,25%,25%,25%,25%,25%,30%,30%,30%,30%,35%,40%,40%,40%,40%,40%,45%,45%,45%,45%,45%,45%,45%,50%,50%,50%,50%,50%,50%,>50%,>50%,>50%,>50%,>50%,>50%,>50%,>50%,>50%,>50%,>50%,>50%,>50%
NodeOverlap,3,0,0,0,3,3,0,0,0,0,3,0,0,0,0,0,0,0,0,0,0,0,3,0,0,0,0,0,1,0,0,0,0,2,0,0,0,0,0,0,0,0,0,0,0,0,0,0,0,0,0,0,0
,,,,,,,,,,,,,,,,,,,,,,,,,,,,,,,,,,,,,,,,,,,,,,,,,,,,,
,C33: 2,C21: 2,C34: 2,C6: 2,C35: 2,C3: 3,C8: 17,C5: 123,C1: 143,C40: 18,C43: 4,C10: 104,C18: 62,C13: 73,C29: 60,C39: 2,C37: 53,C47: 46,C15: 4,C53: 5,C32: 3,C44: 2,C9: 3,C36: 5,C38: 7,C25: 3,C50: 4,C19: 2,C42: 24,C14: 29,C26: 26,C48: 3,C52: 6,C46: 8,C27: 7,C17: 8,C23: 5,C4: 18,C2: 16,C31: 7,C16: 4,C20: 15,C7: 15,C11: 5,C51: 5,C12: 14,C24: 8,C30: 3,C41: 6,C45: 1,C49: 1,C22: 1,C28: 1
C33: 2,0.0,0.0024725181477305053,0.0073201619424372,0.009286830784879314,0.014273943806478997,0.01726307005122131,0.02379165450096292,0.0242120026261962,0.0243063156800445,0.024500311083680632,0.02805373605377206,0.03022673199598411,0.034100690950876617,0.03506361672579609,0.03507419850409778,0.036531286613140285,0.03767912475791122,0.03847427107453382,0.05270153345238551,0.05953526860696165,0.06055714630616585,0.06102895403453955,0.06471977408917334,0.06600318294787354,0.07167772237618524,0.07904593554862617,0.08322627848508538,0.08566757330080924,0.0883854399512931,0.0949531708047721,0.10641319571675907,0.11198978670316732,0.11651256231028158,0.12491447855029585,0.1257181058213387,0.12674288987508214,0.12703376728512022,0.1467615397427227,0.1559698912653279,0.16150310650961475,0.16276938418273654,0.16693280687729872,0.16693280687729872,0.16811341237726768,0.1692200237698078,0.17319590884298805,0.18063583544219491,0.1976558573871915,0.2591520496305274,0.9760072430964236,0.9760072430964236,0.9760072430964236,0.9760072430964236
Deviation,-,10%,15%,15%,15%,20%,20%,20%,20%,20%,25%,25%,25%,25%,25%,25%,25%,25%,30%,30%,30%,35%,35%,35%,35%,35%,40%,40%,40%,40%,40%,45%,45%,45%,45%,45%,45%,50%,50%,50%,50%,50%,50%,50%,50%,>50%,>50%,>50%,>50%,>50%,>50%,>50%,>50%
NodeOverlap,2,0,0,0,0,0,0,0,2,0,0,0,0,0,0,0,0,0,0,0,0,0,0,0,0,0,0,0,0,0,0,0,0,0,1,0,0,2,2,0,0,2,2,0,0,2,1,0,0,0,0,0,0
,,,,,,,,,,,,,,,,,,,,,,,,,,,,,,,,,,,,,,,,,,,,,,,,,,,,,
,C34: 2,C6: 2,C21: 2,C33: 2,C39: 2,C3: 3,C8: 17,C40: 18,C5: 123,C1: 143,C44: 2,C36: 5,C10: 104,C30: 3,C18: 62,C13: 73,C29: 60,C37: 53,C47: 46,C35: 2,C19: 2,C50: 4,C23: 5,C16: 4,C38: 7,C43: 4,C53: 5,C48: 3,C42: 24,C14: 29,C52: 6,C26: 26,C51: 5,C27: 7,C9: 3,C32: 3,C25: 3,C15: 4,C4: 18,C2: 16,C24: 8,C17: 8,C20: 15,C7: 15,C12: 14,C31: 7,C41: 6,C11: 5,C46: 8,C49: 1,C45: 1,C22: 1,C28: 1
C34: 2,0.0,0.00011686170572329597,0.0012840413630851733,0.0073201619424372,0.011145795590148092,0.012377147251057308,0.02339817919433217,0.02416160644890857,0.024211493778579576,0.024305919939538588,0.0260765798945326,0.02890881051318185,0.030224654874926538,0.03351284788205248,0.03408742555555356,0.0350551205063534,0.035058584964418237,0.0376556697259081,0.03843689048638803,0.04203793907054888,0.04290378532802777,0.05883734755362695,0.06502717967627786,0.07168753677653028,0.0726261830500192,0.07688987512726743,0.08407933599681297,0.08692442877743962,0.08806358396280871,0.0947948933076956,0.1058529637372558,0.10617383364471228,0.11673244923960766,0.1234805493486997,0.13679130237589446,0.1456321893491125,0.15702530612244908,0.1704250417471117,0.17481750352431188,0.1783448118144008,0.18541321508704792,0.2000520907343329,0.20382676914553394,0.20382676914553394,0.2056172358474221,0.2475938279245874,0.2661467397646004,0.28327579048131923,0.4697029313462091,0.6198092031425364,0.6198092031425364,0.6198092031425364,0.6198092031425364
Deviation,-,5%,5%,15%,15%,15%,20%,20%,20%,20%,25%,25%,25%,25%,25%,25%,25%,25%,30%,30%,30%,35%,35%,35%,35%,40%,40%,40%,40%,40%,45%,45%,45%,45%,50%,50%,>50%,>50%,>50%,>50%,>50%,>50%,>50%,>50%,>50%,>50%,>50%,>50%,>50%,>50%,>50%,>50%,>50%
NodeOverlap,2,0,0,0,0,0,0,0,2,2,0,0,0,0,0,0,0,0,0,0,0,0,0,0,0,0,0,0,0,0,0,0,0,0,2,0,0,0,0,0,0,2,0,0,0,0,0,2,1,0,1,0,0
,,,,,,,,,,,,,,,,,,,,,,,,,,,,,,,,,,,,,,,,,,,,,,,,,,,,,
,C35: 2,C33: 2,C1: 143,C5: 123,C32: 3,C46: 8,C10: 104,C21: 2,C18: 62,C29: 60,C13: 73,C37: 53,C47: 46,C34: 2,C6: 2,C17: 8,C42: 24,C41: 6,C14: 29,C26: 26,C39: 2,C40: 18,C15: 4,C8: 17,C16: 4,C53: 5,C44: 2,C38: 7,C48: 3,C19: 2,C4: 18,C31: 7,C2: 16,C20: 15,C7: 15,C27: 7,C12: 14,C50: 4,C52: 6,C24: 8,C30: 3,C11: 5,C23: 5,C25: 3,C51: 5,C9: 3,C3: 3,C43: 4,C36: 5,C22: 1,C45: 1,C49: 1,C28: 1
C35: 2,0.0,0.014273943806478997,0.022200938963876992,0.022219286544173024,0.023246406267927688,0.02511286786563616,0.026319819868752228,0.028627974501222155,0.03264711375219773,0.033080233714207125,0.03320342123335926,0.03531166172883349,0.035376434587440414,0.04203793907054888,0.046587689344633136,0.053402651869467535,0.07056121262107748,0.0770425572444807,0.08426874082551412,0.08510428788793621,0.09647559421472574,0.10059986712476147,0.10167902366106008,0.10953319598935518,0.12210140570771084,0.12374406750606864,0.13433251279680855,0.1605764331473738,0.16929613017745554,0.16987903571734966,0.18630722916558207,0.19172065584537434,0.2057445417436208,0.2177674576439232,0.2177674576439232,0.22063814223368391,0.2311566718877061,0.23416722668649365,0.238063366437536,0.251792929788246,0.2860285540207141,0.3484866921476703,0.4097276775555118,0.42020966198979576,0.4274864547262128,0.4523272323494049,0.4802746389609764,0.5125432843420438,0.5148320005126232,1.6081314878892732,1.6081314878892732,1.6081314878892732,1.6081314878892732
Deviation,-,15%,20%,20%,20%,20%,20%,20%,25%,25%,25%,25%,25%,25%,25%,30%,30%,35%,35%,35%,35%,40%,40%,40%,40%,40%,45%,50%,50%,50%,50%,50%,>50%,>50%,>50%,>50%,>50%,>50%,>50%,>50%,>50%,>50%,>50%,>50%,>50%,>50%,>50%,>50%,>50%,>50%,>50%,>50%,>50%
NodeOverlap,2,0,2,2,0,0,2,0,0,0,2,0,0,0,0,0,0,0,0,0,0,0,2,0,0,0,0,0,0,0,1,0,0,0,0,0,0,0,0,0,0,0,0,2,0,0,0,0,0,0,0,0,0
,,,,,,,,,,,,,,,,,,,,,,,,,,,,,,,,,,,,,,,,,,,,,,,,,,,,,
,C36: 5,C23: 5,C51: 5,C50: 4,C53: 5,C3: 3,C5: 123,C16: 4,C40: 18,C8: 17,C30: 3,C10: 104,C1: 143,C18: 62,C29: 60,C38: 7,C13: 73,C47: 46,C6: 2,C37: 53,C34: 2,C21: 2,C52: 6,C43: 4,C41: 6,C48: 3,C27: 7,C24: 8,C20: 15,C7: 15,C14: 29,C12: 14,C4: 18,C15: 4,C33: 2,C2: 16,C42: 24,C26: 26,C19: 2,C44: 2,C39: 2,C11: 5,C9: 3,C17: 8,C31: 7,C22: 1,C45: 1,C49: 1,C28: 1,C25: 3,C32: 3,C46: 8,C35: 2
C36: 5,0.0,0.006707908792177566,0.007067858059211795,0.00835860464185444,0.017565966713569508,0.0178960792308324,0.018974895048594342,0.019507532868449525,0.019749468257995083,0.020385334273054213,0.02115613387404399,0.022195783521686,0.02326212119855213,0.025111706704056786,0.025723306361473176,0.02649240653813295,0.02679089760768859,0.026918909201665973,0.02735063411445586,0.02788098907635753,0.02890881051318185,0.03851235427424342,0.040268335613839,0.04033786594807291,0.04320671700117605,0.04350319975230752,0.04406559799718676,0.0481428734835853,0.05951891447751077,0.05951891447751077,0.06107349829263563,0.06163949629665635,0.0624107130005208,0.0635757785467128,0.06600318294787354,0.06611661059414307,0.06669964497302615,0.0682242814159554,0.07061853559103895,0.07656530140099398,0.08520155259898868,0.08554075112821735,0.11921565152783345,0.11991018394814194,0.12374317344421365,0.12655501730103808,0.12655501730103808,0.12655501730103808,0.12655501730103808,0.13721187215551794,0.14364249244666266,0.15187734386461446,0.5148320005126232
Deviation,-,20%,20%,20%,30%,30%,30%,30%,30%,30%,35%,35%,35%,35%,35%,35%,35%,35%,35%,35%,40%,45%,45%,45%,45%,45%,45%,50%,>50%,>50%,>50%,>50%,>50%,>50%,>50%,>50%,>50%,>50%,>50%,>50%,>50%,>50%,>50%,>50%,>50%,>50%,>50%,>50%,>50%,>50%,>50%,>50%,>50%
NodeOverlap,5,0,0,0,0,0,5,0,0,0,3,5,5,4,2,0,4,0,0,0,0,0,5,0,0,0,0,0,0,0,1,0,0,0,0,0,0,0,0,0,0,0,0,0,0,0,0,0,0,0,0,0,0
,,,,,,,,,,,,,,,,,,,,,,,,,,,,,,,,,,,,,,,,,,,,,,,,,,,,,
,C37: 53,C29: 60,C47: 46,C18: 62,C13: 73,C10: 104,C5: 123,C1: 143,C14: 29,C40: 18,C26: 26,C42: 24,C8: 17,C4: 18,C2: 16,C7: 15,C20: 15,C12: 14,C38: 7,C24: 8,C51: 5,C36: 5,C53: 5,C43: 4,C23: 5,C41: 6,C27: 7,C48: 3,C52: 6,C9: 3,C32: 3,C25: 3,C50: 4,C16: 4,C15: 4,C35: 2,C30: 3,C3: 3,C44: 2,C39: 2,C19: 2,C6: 2,C34: 2,C21: 2,C33: 2,C49: 1,C28: 1,C22: 1,C45: 1,C46: 8,C17: 8,C31: 7,C11: 5
C37: 53,0.0,0.00048240588365810165,0.0005803092704958063,0.0007812503079112447,0.0022463599090475086,0.008216468106315272,0.011330538389677722,0.011351078473805695,0.012046406681252935,0.01467865092812104,0.014809102171498185,0.01550137300119177,0.015553218708447053,0.020575705181094247,0.02298506210201034,0.02317761822679397,0.02317761822679397,0.02426000616076957,0.025355759300909376,0.02553870046792306,0.02738419710378524,0.02788098907635753,0.02801575626119489,0.028649962579620256,0.028689883266845576,0.028964795443862632,0.029779677910459306,0.03055704304552865,0.030863378097431768,0.03202585685964142,0.032836308087645406,0.03306089370781713,0.03371608381472846,0.03374925666494289,0.034626915031692865,0.03531166172883349,0.035669002358518616,0.03570067431616975,0.037636442889613216,0.037637636973270466,0.0376420917333759,0.037653149080446466,0.0376556697259081,0.03766481681866129,0.03767912475791122,0.040125568694680376,0.040125568694680376,0.040125568694680376,0.040125568694680376,0.049439130038941806,0.050082961605764496,0.055003183145776666,0.059238781051324
Deviation,-,15%,15%,20%,30%,>50%,>50%,>50%,>50%,>50%,>50%,>50%,>50%,>50%,>50%,>50%,>50%,>50%,>50%,>50%,>50%,>50%,>50%,>50%,>50%,>50%,>50%,>50%,>50%,>50%,>50%,>50%,>50%,>50%,>50%,>50%,>50%,>50%,>50%,>50%,>50%,>50%,>50%,>50%,>50%,>50%,>50%,>50%,>50%,>50%,>50%,>50%,>50%
NodeOverlap,53,53,46,53,53,53,53,53,0,0,0,0,0,0,0,0,0,0,0,0,5,0,0,0,0,0,0,0,1,0,0,0,0,0,0,0,0,0,0,0,0,0,0,0,0,0,0,0,0,1,0,0,0
,,,,,,,,,,,,,,,,,,,,,,,,,,,,,,,,,,,,,,,,,,,,,,,,,,,,,
,C38: 7,C52: 6,C24: 8,C27: 7,C41: 6,C53: 5,C5: 123,C51: 5,C1: 143,C10: 104,C42: 24,C20: 15,C7: 15,C26: 26,C18: 62,C12: 14,C29: 60,C13: 73,C47: 46,C4: 18,C14: 29,C37: 53,C36: 5,C2: 16,C43: 4,C23: 5,C17: 8,C3: 3,C31: 7,C50: 4,C48: 3,C40: 18,C8: 17,C15: 4,C21: 2,C33: 2,C34: 2,C9: 3,C6: 2,C16: 4,C46: 8,C25: 3,C32: 3,C11: 5,C19: 2,C44: 2,C39: 2,C35: 2,C30: 3,C22: 1,C28: 1,C49: 1,C45: 1
C38: 7,0.0,0.0038879888762528092,0.004748085105241692,0.01027107736668482,0.013686585906396506,0.015497123599079956,0.017570957163802612,0.017587538373759485,0.017810669730276358,0.0197094358163006,0.020908970868976032,0.021328068887790718,0.021328068887790718,0.02145996717586164,0.022465986497982468,0.02283386726455689,0.023012528327926208,0.0236410208650222,0.0240927616849028,0.02502623454789392,0.02522757226733389,0.025355759300909376,0.02649240653813295,0.02812529749172012,0.03507489867244551,0.03922614593271173,0.04119518721645805,0.042548610714966316,0.04498028274445267,0.04695258169602808,0.054927754963008855,0.05692886020727787,0.05753060392922734,0.06812318661258565,0.06877479497109834,0.07167772237618524,0.0726261830500192,0.07389323572017506,0.0744909971041483,0.0750894076301557,0.07961354638762314,0.08623142750355713,0.08884330590275613,0.09635368806827938,0.11750446595145395,0.12024995653281698,0.12414807978345435,0.1605764331473738,0.18554480688521485,0.19666930978079247,0.19666930978079247,0.19666930978079247,0.19666930978079247
Deviation,-,15%,20%,25%,30%,30%,35%,35%,35%,35%,35%,35%,35%,35%,35%,35%,35%,40%,40%,40%,40%,40%,40%,40%,45%,50%,50%,50%,50%,50%,>50%,>50%,>50%,>50%,>50%,>50%,>50%,>50%,>50%,>50%,>50%,>50%,>50%,>50%,>50%,>50%,>50%,>50%,>50%,>50%,>50%,>50%,>50%
NodeOverlap,7,0,1,6,0,5,0,0,7,0,0,7,7,0,0,7,0,0,0,7,0,0,0,7,0,0,0,0,0,0,0,0,0,0,0,0,0,0,0,0,0,0,0,0,0,2,0,0,0,0,0,0,0
,,,,,,,,,,,,,,,,,,,,,,,,,,,,,,,,,,,,,,,,,,,,,,,,,,,,,
,C39: 2,C44: 2,C30: 3,C6: 2,C19: 2,C34: 2,C21: 2,C8: 17,C40: 18,C5: 123,C1: 143,C16: 4,C10: 104,C18: 62,C29: 60,C13: 73,C33: 2,C37: 53,C47: 46,C23: 5,C50: 4,C3: 3,C36: 5,C42: 24,C14: 29,C35: 2,C52: 6,C51: 5,C26: 26,C38: 7,C27: 7,C48: 3,C4: 18,C2: 16,C7: 15,C20: 15,C12: 14,C53: 5,C15: 4,C24: 8,C9: 3,C22: 1,C49: 1,C45: 1,C28: 1,C25: 3,C43: 4,C31: 7,C41: 6,C17: 8,C32: 3,C11: 5,C46: 8
C39: 2,0.0,0.003125793298506907,0.007765996990411038,0.008980100234759533,0.010314157229372192,0.011145795590148092,0.019995988567427226,0.02304202302476943,0.02385717706815946,0.02421353867978021,0.02430738142901997,0.027834797134541976,0.03022554828706865,0.03407966905587289,0.035048223551985704,0.03505091731791059,0.036531286613140285,0.037637636973270466,0.0384043213565193,0.04472727019879084,0.05030177107203774,0.06271206647178025,0.08520155259898868,0.08768820084167449,0.0946251295497052,0.09647559421472574,0.0995786951361404,0.10581126898382598,0.10590295727256988,0.12414807978345435,0.14756604615850286,0.16715126874091918,0.17448267546623766,0.17797336511863282,0.20327759763040695,0.20327759763040695,0.20503420350958854,0.2081599720830919,0.2396795072320129,0.2693562760546001,0.2724902148537394,0.2912625608347045,0.2912625608347045,0.2912625608347045,0.2912625608347045,0.29927741133261204,0.3499568201087143,0.35325482729864066,0.3542500412403687,0.43258830274373095,0.4340896505795049,0.4375338674445704,0.4512350425211126
Deviation,-,10%,15%,15%,15%,15%,20%,25%,25%,25%,25%,25%,25%,25%,30%,30%,30%,30%,30%,30%,35%,35%,40%,40%,45%,45%,45%,45%,45%,50%,>50%,>50%,>50%,>50%,>50%,>50%,>50%,>50%,>50%,>50%,>50%,>50%,>50%,>50%,>50%,>50%,>50%,>50%,>50%,>50%,>50%,>50%,>50%
NodeOverlap,2,0,0,0,0,0,0,0,0,1,2,0,2,0,0,2,0,0,0,0,0,0,0,0,0,0,0,0,0,0,0,0,1,1,0,0,0,0,2,0,0,1,0,0,0,1,0,0,0,0,0,0,0
,,,,,,,,,,,,,,,,,,,,,,,,,,,,,,,,,,,,,,,,,,,,,,,,,,,,,
,C40: 18,C8: 17,C4: 18,C14: 29,C42: 24,C5: 123,C26: 26,C1: 143,C10: 104,C18: 62,C47: 46,C29: 60,C13: 73,C37: 53,C2: 16,C23: 5,C16: 4,C36: 5,C50: 4,C30: 3,C3: 3,C7: 15,C20: 15,C44: 2,C19: 2,C39: 2,C6: 2,C34: 2,C21: 2,C33: 2,C12: 14,C45: 1,C28: 1,C49: 1,C22: 1,C51: 5,C48: 3,C43: 4,C24: 8,C38: 7,C53: 5,C41: 6,C27: 7,C9: 3,C52: 6,C32: 3,C25: 3,C35: 2,C15: 4,C17: 8,C46: 8,C31: 7,C11: 5
C40: 18,0.0,0.0002110527364075573,0.00906215320624902,0.01022534410729186,0.011228616349054116,0.011979991123321435,0.01214417460442196,0.012566013667091376,0.012597698282729488,0.013013656230418074,0.01352361717825162,0.013620586034853265,0.013962669603284036,0.01467865092812104,0.016342442294083468,0.01760399230502134,0.01859299885646283,0.019749468257995083,0.02125998795935666,0.02127456983358909,0.02246531584638095,0.0229570131874945,0.0229570131874945,0.023782761089701662,0.02379029264398792,0.02385717706815946,0.02412341068762288,0.02416160644890857,0.02429645412463374,0.024500311083680632,0.02790541517237172,0.030904796412208307,0.030904796412208307,0.030904796412208307,0.030904796412208307,0.0397529930569786,0.04381114749489616,0.05259799865012228,0.05443357714848317,0.05692886020727787,0.06783448997169203,0.0754428145918538,0.07613672916081514,0.08208324420489088,0.0897110614453916,0.09153426400121624,0.094393049291193,0.10059986712476147,0.10941168503954687,0.15876225020907112,0.1714658543606337,0.18349627971984211,0.2229910339906548
Deviation,-,10%,40%,45%,45%,45%,50%,50%,50%,50%,50%,50%,50%,50%,>50%,>50%,>50%,>50%,>50%,>50%,>50%,>50%,>50%,>50%,>50%,>50%,>50%,>50%,>50%,>50%,>50%,>50%,>50%,>50%,>50%,>50%,>50%,>50%,>50%,>50%,>50%,>50%,>50%,>50%,>50%,>50%,>50%,>50%,>50%,>50%,>50%,>50%,>50%
NodeOverlap,18,17,0,1,0,18,1,18,2,0,0,0,0,0,0,0,0,0,0,0,0,0,0,0,0,0,0,0,0,0,0,0,0,0,0,0,0,0,0,0,0,0,0,0,0,0,0,0,0,0,0,0,0
,,,,,,,,,,,,,,,,,,,,,,,,,,,,,,,,,,,,,,,,,,,,,,,,,,,,,
,C41: 6,C24: 8,C52: 6,C38: 7,C15: 4,C53: 5,C27: 7,C5: 123,C1: 143,C10: 104,C51: 5,C42: 24,C18: 62,C29: 60,C13: 73,C47: 46,C26: 26,C37: 53,C14: 29,C11: 5,C25: 3,C7: 15,C20: 15,C12: 14,C36: 5,C4: 18,C9: 3,C17: 8,C31: 7,C2: 16,C48: 3,C23: 5,C43: 4,C40: 18,C35: 2,C8: 17,C46: 8,C50: 4,C32: 3,C3: 3,C16: 4,C30: 3,C33: 2,C21: 2,C34: 2,C6: 2,C19: 2,C44: 2,C39: 2,C22: 1,C28: 1,C49: 1,C45: 1
C41: 6,0.0,0.0038689973487283,0.013656864602437724,0.013686585906396506,0.013864589423945379,0.016076677913673794,0.01615320851016128,0.018587585517009845,0.01870259408719352,0.021194643112859436,0.02120899923564636,0.0249848616440806,0.025470159727414617,0.02619867479329908,0.02644431671532982,0.02868367819504947,0.028713362382889164,0.028964795443862632,0.032813542710032034,0.03580488262587486,0.03625777607105817,0.036639928159316916,0.036639928159316916,0.03922969280168493,0.04320671700117605,0.04390110549014119,0.045090128730810884,0.04511705240143245,0.04786524482236002,0.049294944241533634,0.05200588108389299,0.05312036875582237,0.06092400903875024,0.0754428145918538,0.0770425572444807,0.07989551549889826,0.09151893704810844,0.0972929848346936,0.0995892079470312,0.11389609648348825,0.15109644195097766,0.1999568642885784,0.2591520496305274,0.259255100776268,0.2661467397646004,0.26905530919207155,0.3465479810925152,0.3496045427574687,0.3542500412403687,0.4645688660479801,0.4645688660479801,0.4645688660479801,0.4645688660479801
Deviation,-,15%,25%,25%,25%,30%,30%,30%,30%,30%,30%,35%,35%,35%,35%,35%,35%,35%,40%,40%,40%,40%,40%,45%,45%,45%,45%,45%,45%,50%,50%,50%,>50%,>50%,>50%,>50%,>50%,>50%,>50%,>50%,>50%,>50%,>50%,>50%,>50%,>50%,>50%,>50%,>50%,>50%,>50%,>50%,>50%
NodeOverlap,6,6,0,0,0,0,0,0,6,1,0,0,0,0,1,0,0,0,0,0,0,5,6,5,0,6,0,0,0,5,0,0,0,0,0,0,0,0,0,0,0,0,0,0,0,0,0,0,0,0,0,0,0
,,,,,,,,,,,,,,,,,,,,,,,,,,,,,,,,,,,,,,,,,,,,,,,,,,,,,
,C42: 24,C26: 26,C14: 29,C4: 18,C2: 16,C20: 15,C7: 15,C40: 18,C1: 143,C10: 104,C12: 14,C8: 17,C5: 123,C47: 46,C13: 73,C18: 62,C29: 60,C37: 53,C24: 8,C38: 7,C52: 6,C41: 6,C27: 7,C23: 5,C53: 5,C50: 4,C51: 5,C48: 3,C9: 3,C15: 4,C25: 3,C17: 8,C36: 5,C43: 4,C35: 2,C16: 4,C46: 8,C30: 3,C31: 7,C3: 3,C32: 3,C19: 2,C44: 2,C39: 2,C6: 2,C34: 2,C21: 2,C33: 2,C11: 5,C28: 1,C49: 1,C45: 1,C22: 1
C42: 24,0.0,0.0005597954159824005,0.0014475730517432013,0.006692355426287692,0.00937652383743986,0.01002175369068954,0.01002175369068954,0.011228616349054116,0.012022610770143676,0.012058301330251351,0.012127666917052466,0.012283327517805236,0.01243777602014089,0.014188415193082154,0.014483642013806362,0.015029938037889462,0.015086030758437481,0.01550137300119177,0.019180870602281186,0.020908970868976032,0.024840530025333717,0.0249848616440806,0.028917149395316533,0.03529613976270328,0.039520527291590085,0.03983399125147257,0.042348817108253375,0.04427995857501907,0.05005668364981687,0.05289671367384722,0.053285638045171065,0.0640520337725587,0.06669964497302615,0.06784581094397517,0.07056121262107748,0.07258845849905564,0.07562089692826122,0.07898191573446314,0.07918056291126375,0.07977659992720347,0.08507639774165145,0.0873939801062033,0.08751377141518965,0.08768820084167449,0.08802354637613066,0.08806358396280871,0.08819763382643346,0.0883854399512931,0.09121147317119573,0.0954966685133174,0.0954966685133174,0.0954966685133174,0.0954966685133174
Deviation,-,10%,20%,35%,40%,45%,45%,45%,45%,45%,45%,50%,50%,50%,50%,50%,50%,>50%,>50%,>50%,>50%,>50%,>50%,>50%,>50%,>50%,>50%,>50%,>50%,>50%,>50%,>50%,>50%,>50%,>50%,>50%,>50%,>50%,>50%,>50%,>50%,>50%,>50%,>50%,>50%,>50%,>50%,>50%,>50%,>50%,>50%,>50%,>50%
NodeOverlap,24,24,24,1,1,0,1,0,24,23,0,0,23,0,0,0,0,0,0,0,0,0,0,0,0,0,0,0,0,0,0,0,0,0,0,0,0,0,0,0,0,0,0,0,0,0,0,0,0,0,0,0,0
,,,,,,,,,,,,,,,,,,,,,,,,,,,,,,,,,,,,,,,,,,,,,,,,,,,,,
,C43: 4,C9: 3,C25: 3,C53: 5,C32: 3,C48: 3,C5: 123,C1: 143,C18: 62,C10: 104,C29: 60,C47: 46,C13: 73,C33: 2,C37: 53,C3: 3,C38: 7,C15: 4,C36: 5,C24: 8,C11: 5,C17: 8,C14: 29,C31: 7,C21: 2,C52: 6,C40: 18,C46: 8,C27: 7,C8: 17,C41: 6,C50: 4,C51: 5,C42: 24,C26: 26,C23: 5,C34: 2,C16: 4,C4: 18,C7: 15,C20: 15,C6: 2,C12: 14,C2: 16,C30: 3,C19: 2,C44: 2,C39: 2,C28: 1,C45: 1,C22: 1,C49: 1,C35: 2
C43: 4,0.0,0.00579857323573394,0.00963245965170091,0.010989617549720856,0.012384651288013904,0.014302927971461038,0.019523481360607328,0.01982720798798707,0.02607102169314625,0.02650255855081451,0.026726638162761933,0.027400431771033226,0.027863996057637758,0.02805373605377206,0.028649962579620256,0.029972732343917438,0.03507489867244551,0.03642079430684381,0.04033786594807291,0.041117477946060264,0.04418761387561597,0.0442132699484998,0.047003307755441294,0.049726000960895717,0.05167275876748721,0.05237072320783559,0.05259799865012228,0.05290958083130043,0.05588787461303922,0.05639892767879266,0.06092400903875024,0.06546654009315707,0.06664830081838648,0.06784581094397517,0.06903451922494795,0.07600947270474827,0.07688987512726743,0.0806301356226421,0.08269772500000003,0.0853884742771775,0.0853884742771775,0.08558861836244548,0.09002416226904669,0.09011007248532896,0.15766795699230576,0.3057013209949944,0.3247987280269679,0.3499568201087143,0.4659640566051585,0.4659640566051585,0.4659640566051585,0.4659640566051585,0.5125432843420438
Deviation,-,15%,20%,20%,20%,20%,25%,25%,30%,30%,30%,30%,30%,30%,30%,30%,35%,35%,35%,35%,35%,35%,40%,40%,40%,40%,40%,40%,40%,40%,45%,45%,45%,45%,45%,45%,50%,50%,50%,50%,50%,50%,50%,50%,>50%,>50%,>50%,>50%,>50%,>50%,>50%,>50%,>50%
NodeOverlap,4,0,0,0,0,0,4,4,4,4,4,0,4,0,0,0,0,0,0,0,0,0,0,0,0,0,0,0,0,0,0,0,0,0,0,0,0,0,0,0,0,0,0,0,0,0,0,0,0,0,0,0,0
,,,,,,,,,,,,,,,,,,,,,,,,,,,,,,,,,,,,,,,,,,,,,,,,,,,,,
,C44: 2,C19: 2,C39: 2,C30: 3,C6: 2,C8: 17,C40: 18,C5: 123,C1: 143,C16: 4,C34: 2,C10: 104,C18: 62,C29: 60,C13: 73,C37: 53,C47: 46,C21: 2,C51: 5,C33: 2,C50: 4,C23: 5,C36: 5,C42: 24,C14: 29,C52: 6,C26: 26,C38: 7,C35: 2,C28: 1,C22: 1,C49: 1,C45: 1,C4: 18,C2: 16,C53: 5,C20: 15,C7: 15,C3: 3,C12: 14,C25: 3,C48: 3,C9: 3,C27: 7,C24: 8,C15: 4,C43: 4,C41: 6,C32: 3,C17: 8,C46: 8,C31: 7,C11: 5
C44: 2,0.0,0.0020839083392786765,0.003125793298506907,0.016417389927638634,0.02270210741063446,0.022952226588237482,0.023782761089701662,0.0242165164560172,0.024309539500248854,0.024877742370170503,0.0260765798945326,0.030228515692811094,0.03408200600728668,0.03504945738744825,0.03505336257155959,0.037636442889613216,0.03839768804492484,0.03893359100481318,0.04831844943587568,0.06102895403453955,0.06361203128201624,0.06990318301285901,0.07656530140099398,0.08751377141518965,0.09455761651744536,0.0972683844400511,0.10578344841005946,0.12024995653281698,0.13433251279680855,0.16692921655114468,0.16692921655114468,0.16692921655114468,0.16692921655114468,0.17438948042517144,0.1778944372711259,0.1963619092477869,0.20311440862788085,0.20311440862788085,0.20369174017646252,0.20488210224698866,0.21504783163265287,0.2272689625969985,0.23097102713040402,0.2576249752033326,0.2665581745169585,0.2888203665416306,0.3247987280269679,0.3496045427574687,0.398722206708127,0.4249363575456609,0.4408601932999933,0.5492473854568929,0.5730734031302468
Deviation,-,10%,10%,20%,25%,25%,25%,25%,25%,25%,25%,25%,30%,30%,30%,30%,30%,30%,35%,35%,35%,40%,40%,45%,45%,45%,45%,50%,>50%,>50%,>50%,>50%,>50%,>50%,>50%,>50%,>50%,>50%,>50%,>50%,>50%,>50%,>50%,>50%,>50%,>50%,>50%,>50%,>50%,>50%,>50%,>50%,>50%
NodeOverlap,2,0,0,0,0,0,0,0,2,0,0,0,0,0,0,0,0,0,0,0,0,0,0,0,0,0,0,2,0,0,0,0,0,2,2,0,2,2,0,2,0,0,0,2,0,0,0,0,0,0,0,0,0
,,,,,,,,,,,,,,,,,,,,,,,,,,,,,,,,,,,,,,,,,,,,,,,,,,,,,
,C45: 1,C22: 1,C28: 1,C49: 1,C1: 143,C5: 123,C8: 17,C10: 104,C40: 18,C18: 62,C13: 73,C29: 60,C37: 53,C47: 46,C19: 2,C16: 4,C42: 24,C14: 29,C26: 26,C30: 3,C36: 5,C23: 5,C44: 2,C4: 18,C2: 16,C38: 7,C50: 4,C51: 5,C7: 15,C20: 15,C12: 14,C52: 6,C39: 2,C24: 8,C53: 5,C27: 7,C3: 3,C41: 6,C43: 4,C48: 3,C46: 8,C17: 8,C15: 4,C6: 2,C34: 2,C31: 7,C9: 3,C25: 3,C21: 2,C11: 5,C32: 3,C33: 2,C35: 2
C45: 1,0.0,0.0,0.0,0.0,0.024652122848363253,0.024690611665603542,0.03052712454378977,0.030874474359008305,0.030904796412208307,0.03591262024477284,0.03635496594046457,0.03699108130276528,0.040125568694680376,0.04169607823154038,0.09090909090909086,0.09277343749999996,0.0954966685133174,0.1004735179565214,0.11282486462987568,0.11850235901889622,0.12655501730103808,0.13310664085514684,0.16692921655114468,0.1881388346354166,0.19637827699443008,0.19666930978079247,0.20648243801652894,0.2076053194180585,0.22330201743040254,0.22330201743040254,0.2289137184242159,0.2429978411779593,0.2912625608347045,0.3238171633968976,0.33192154612929825,0.3586739248367468,0.3629373317954631,0.4645688660479801,0.4659640566051585,0.4674998664743898,0.4855859375,0.4881412222222221,0.554355059604182,0.5805332359386413,0.6198092031425364,0.6413840326898259,0.7178207283643298,0.7472789115646258,0.7591927607009481,0.7726847621607096,0.8489151873767258,0.9760072430964236,1.6081314878892732
Deviation,-,5%,5%,5%,20%,20%,20%,20%,20%,20%,20%,20%,25%,25%,35%,35%,35%,35%,35%,35%,40%,40%,45%,45%,45%,45%,50%,50%,50%,50%,50%,50%,>50%,>50%,>50%,>50%,>50%,>50%,>50%,>50%,>50%,>50%,>50%,>50%,>50%,>50%,>50%,>50%,>50%,>50%,>50%,>50%,>50%
NodeOverlap,1,0,0,0,1,1,0,0,0,0,0,0,0,0,0,0,0,0,0,0,0,0,0,0,0,0,0,0,0,0,0,0,0,0,0,0,0,0,0,0,0,1,0,0,1,0,1,0,0,1,0,0,0
,,,,,,,,,,,,,,,,,,,,,,,,,,,,,,,,,,,,,,,,,,,,,,,,,,,,,
,C46: 8,C17: 8,C32: 3,C1: 143,C5: 123,C35: 2,C31: 7,C25: 3,C11: 5,C10: 104,C9: 3,C13: 73,C18: 62,C29: 60,C53: 5,C37: 53,C43: 4,C47: 46,C14: 29,C26: 26,C42: 24,C38: 7,C15: 4,C41: 6,C52: 6,C24: 8,C48: 3,C4: 18,C27: 7,C20: 15,C7: 15,C2: 16,C33: 2,C12: 14,C36: 5,C3: 3,C40: 18,C8: 17,C51: 5,C16: 4,C30: 3,C19: 2,C44: 2,C50: 4,C23: 5,C39: 2,C6: 2,C34: 2,C21: 2,C28: 1,C45: 1,C22: 1,C49: 1
C46: 8,0.0,0.014958388888888896,0.020925056267313023,0.02302249210063756,0.024755701758702262,0.02511286786563616,0.025216784722222226,0.02758281250000001,0.027762890886054804,0.02844093665087521,0.03276339886031609,0.038628858236366026,0.04215065052851115,0.04351076040234772,0.04764218750000003,0.049439130038941806,0.05290958083130043,0.05328775201690652,0.07295817285388259,0.0755278367346939,0.07562089692826122,0.07961354638762314,0.08688426412043597,0.09151893704810844,0.09409343013291,0.09674121987451027,0.10334572037813232,0.1135498821924603,0.1229741924913818,0.12366669920259556,0.12366669920259556,0.12487097934301125,0.12491447855029585,0.12970980107708768,0.15187734386461446,0.16092013888888895,0.1714658543606337,0.17663286104972414,0.30051652048071475,0.3565789093093628,0.42711922204260255,0.4321093750000001,0.4408601932999933,0.450405207029905,0.450991773914928,0.4512350425211126,0.4678811042492613,0.4697029313462091,0.4756288939438382,0.4855859375,0.4855859375,0.4855859375,0.4855859375
Deviation,-,25%,25%,30%,30%,30%,30%,30%,30%,30%,35%,35%,40%,40%,40%,40%,40%,40%,50%,50%,50%,50%,>50%,>50%,>50%,>50%,>50%,>50%,>50%,>50%,>50%,>50%,>50%,>50%,>50%,>50%,>50%,>50%,>50%,>50%,>50%,>50%,>50%,>50%,>50%,>50%,>50%,>50%,>50%,>50%,>50%,>50%,>50%
NodeOverlap,8,7,0,8,8,0,6,0,4,6,2,4,1,1,0,1,0,0,0,0,0,0,0,0,0,0,0,0,0,0,0,0,0,0,0,0,0,0,0,0,0,0,0,0,0,0,0,1,0,0,0,0,0
,,,,,,,,,,,,,,,,,,,,,,,,,,,,,,,,,,,,,,,,,,,,,,,,,,,,,
,C47: 46,C37: 53,C29: 60,C18: 62,C13: 73,C14: 29,C10: 104,C26: 26,C40: 18,C1: 143,C5: 123,C42: 24,C8: 17,C4: 18,C2: 16,C7: 15,C20: 15,C38: 7,C24: 8,C12: 14,C51: 5,C36: 5,C53: 5,C43: 4,C23: 5,C41: 6,C48: 3,C27: 7,C9: 3,C52: 6,C32: 3,C25: 3,C50: 4,C16: 4,C15: 4,C35: 2,C30: 3,C3: 3,C44: 2,C19: 2,C39: 2,C6: 2,C34: 2,C21: 2,C33: 2,C49: 1,C28: 1,C22: 1,C45: 1,C46: 8,C17: 8,C31: 7,C11: 5
C47: 46,0.0,0.0005803092704958063,0.002340670269147441,0.003130973087812577,0.005805022012854929,0.009016759408280214,0.011763689715534044,0.01305251109010786,0.01352361717825162,0.0135902842194873,0.014070183838915071,0.014188415193082154,0.014353297062442209,0.02016363441183988,0.02310835935043996,0.0235432151282951,0.0235432151282951,0.0240927616849028,0.024893635300982844,0.025073785416355326,0.02637150002164804,0.026918909201665973,0.027081214143756388,0.027400431771033226,0.027969673364965027,0.02868367819504947,0.02925604236253466,0.029799143100253205,0.03110497954718093,0.03125291032518377,0.03213110835604914,0.03240635985428365,0.03314730536616476,0.033185987886005165,0.034893695371928865,0.035376434587440414,0.03577267845627353,0.03583486486988122,0.03839768804492484,0.038400786260211435,0.0384043213565193,0.0384327101362087,0.03843689048638803,0.03845172383048375,0.03847427107453382,0.04169607823154038,0.04169607823154038,0.04169607823154038,0.04169607823154038,0.05328775201690652,0.05368521488371258,0.0591851550316881,0.06450738464952564
Deviation,-,15%,30%,35%,45%,>50%,>50%,>50%,>50%,>50%,>50%,>50%,>50%,>50%,>50%,>50%,>50%,>50%,>50%,>50%,>50%,>50%,>50%,>50%,>50%,>50%,>50%,>50%,>50%,>50%,>50%,>50%,>50%,>50%,>50%,>50%,>50%,>50%,>50%,>50%,>50%,>50%,>50%,>50%,>50%,>50%,>50%,>50%,>50%,>50%,>50%,>50%,>50%
NodeOverlap,46,46,46,46,46,0,46,0,0,46,46,0,0,0,0,0,0,0,0,0,0,0,0,0,0,0,0,0,0,0,0,0,0,0,0,0,0,0,0,0,0,0,0,0,0,0,0,0,0,0,0,0,0
,,,,,,,,,,,,,,,,,,,,,,,,,,,,,,,,,,,,,,,,,,,,,,,,,,,,,
,C48: 3,C3: 3,C43: 4,C30: 3,C25: 3,C9: 3,C53: 5,C5: 123,C1: 143,C18: 62,C29: 60,C47: 46,C10: 104,C13: 73,C37: 53,C50: 4,C15: 4,C32: 3,C36: 5,C40: 18,C42: 24,C8: 17,C41: 6,C26: 26,C27: 7,C38: 7,C14: 29,C23: 5,C52: 6,C17: 8,C16: 4,C31: 7,C34: 2,C11: 5,C21: 2,C6: 2,C20: 15,C7: 15,C4: 18,C51: 5,C12: 14,C2: 16,C46: 8,C33: 2,C24: 8,C39: 2,C35: 2,C44: 2,C19: 2,C49: 1,C22: 1,C28: 1,C45: 1
C48: 3,0.0,0.01140293310333046,0.014302927971461038,0.018423285561439743,0.0189864261679676,0.019501885840895995,0.022264154600461848,0.023732409054832617,0.02396048212222,0.028228745166112162,0.028327416988641236,0.02925604236253466,0.029571145743294176,0.029812940092829237,0.03055704304552865,0.0399938056959166,0.04080577472145088,0.042960874309893836,0.04350319975230752,0.04381114749489616,0.04427995857501907,0.04794670814393071,0.05200588108389299,0.0526013857211468,0.05321120098855793,0.054927754963008855,0.0587714723701116,0.0669989125659371,0.07337827603743921,0.07528538333032868,0.08205340070435135,0.08676052329026054,0.08692442877743962,0.09093864874178084,0.0925210261356234,0.0927526312403216,0.09505745468363384,0.09505745468363384,0.09539884633929377,0.09849511106810066,0.09891496391545772,0.10194365596112484,0.10334572037813232,0.11198978670316732,0.1202837406596941,0.16715126874091918,0.16929613017745554,0.2272689625969985,0.2833651321586749,0.4674998664743898,0.4674998664743898,0.4674998664743898,0.4674998664743898
Deviation,-,20%,20%,25%,25%,25%,25%,25%,25%,30%,30%,30%,30%,30%,30%,35%,35%,35%,35%,35%,35%,35%,40%,40%,40%,40%,40%,45%,45%,45%,45%,50%,50%,50%,50%,50%,50%,50%,50%,50%,50%,50%,50%,>50%,>50%,>50%,>50%,>50%,>50%,>50%,>50%,>50%,>50%
NodeOverlap,3,0,0,0,0,0,0,3,3,0,0,0,1,1,0,0,0,0,0,0,0,0,0,0,0,0,0,1,0,0,1,0,0,0,0,2,0,0,0,0,0,0,0,0,0,0,0,0,0,0,0,0,0
,,,,,,,,,,,,,,,,,,,,,,,,,,,,,,,,,,,,,,,,,,,,,,,,,,,,,
,C45: 1,C22: 1,C28: 1,C49: 1,C1: 143,C5: 123,C8: 17,C10: 104,C40: 18,C18: 62,C13: 73,C29: 60,C37: 53,C47: 46,C19: 2,C16: 4,C42: 24,C14: 29,C26: 26,C30: 3,C36: 5,C23: 5,C44: 2,C4: 18,C2: 16,C38: 7,C50: 4,C51: 5,C7: 15,C20: 15,C12: 14,C52: 6,C39: 2,C24: 8,C53: 5,C27: 7,C3: 3,C41: 6,C43: 4,C48: 3,C46: 8,C17: 8,C15: 4,C6: 2,C34: 2,C31: 7,C9: 3,C25: 3,C21: 2,C11: 5,C32: 3,C33: 2,C35: 2
C49: 1,0.0,0.0,0.0,0.0,0.024652122848363253,0.024690611665603542,0.03052712454378977,0.030874474359008305,0.030904796412208307,0.03591262024477284,0.03635496594046457,0.03699108130276528,0.040125568694680376,0.04169607823154038,0.09090909090909086,0.09277343749999996,0.0954966685133174,0.1004735179565214,0.11282486462987568,0.11850235901889622,0.12655501730103808,0.13310664085514684,0.16692921655114468,0.1881388346354166,0.19637827699443008,0.19666930978079247,0.20648243801652894,0.2076053194180585,0.22330201743040254,0.22330201743040254,0.2289137184242159,0.2429978411779593,0.2912625608347045,0.3238171633968976,0.33192154612929825,0.3586739248367468,0.3629373317954631,0.4645688660479801,0.4659640566051585,0.4674998664743898,0.4855859375,0.4881412222222221,0.554355059604182,0.5805332359386413,0.6198092031425364,0.6413840326898259,0.7178207283643298,0.7472789115646258,0.7591927607009481,0.7726847621607096,0.8489151873767258,0.9760072430964236,1.6081314878892732
Deviation,5%,5%,5%,-,20%,20%,20%,20%,20%,20%,20%,20%,25%,25%,35%,35%,35%,35%,35%,35%,40%,40%,45%,45%,45%,45%,50%,50%,50%,50%,50%,50%,>50%,>50%,>50%,>50%,>50%,>50%,>50%,>50%,>50%,>50%,>50%,>50%,>50%,>50%,>50%,>50%,>50%,>50%,>50%,>50%,>50%
NodeOverlap,0,0,0,1,1,1,0,1,0,1,1,1,0,0,0,0,0,0,0,0,0,0,0,0,0,0,0,0,0,0,0,0,0,0,0,0,0,0,0,0,0,0,0,0,0,1,0,0,0,0,0,0,0
,,,,,,,,,,,,,,,,,,,,,,,,,,,,,,,,,,,,,,,,,,,,,,,,,,,,,
,C50: 4,C16: 4,C23: 5,C36: 5,C15: 4,C40: 18,C8: 17,C5: 123,C1: 143,C30: 3,C10: 104,C18: 62,C29: 60,C51: 5,C13: 73,C47: 46,C37: 53,C3: 3,C42: 24,C48: 3,C38: 7,C26: 26,C39: 2,C14: 29,C25: 3,C6: 2,C27: 7,C34: 2,C52: 6,C44: 2,C43: 4,C53: 5,C24: 8,C21: 2,C4: 18,C7: 15,C20: 15,C19: 2,C2: 16,C12: 14,C32: 3,C33: 2,C41: 6,C9: 3,C31: 7,C11: 5,C45: 1,C49: 1,C22: 1,C28: 1,C35: 2,C17: 8,C46: 8
C50: 4,0.0,0.0030238464187327843,0.0031158249114521877,0.00835860464185444,0.01707530525841232,0.02125998795935666,0.02138022243099296,0.02327491156541113,0.02363069871577506,0.02591472026730373,0.029092100419793543,0.03121727392858338,0.03202090206970399,0.03202240343085267,0.03306306007555028,0.03314730536616476,0.03371608381472846,0.03830865472910925,0.03983399125147257,0.0399938056959166,0.04695258169602808,0.04988114733924681,0.05030177107203774,0.05037612511592617,0.05504337577899943,0.0553522984821776,0.057529682605487,0.05883734755362695,0.061107972922277376,0.06361203128201624,0.06546654009315707,0.07201070804274998,0.07391008594448202,0.07581336415719184,0.07727462705761318,0.08013838879020939,0.08013838879020939,0.08078512396694214,0.08126773484253258,0.08255511835837331,0.08262913223140482,0.08322627848508538,0.0972929848346936,0.12424126779239578,0.1844377617822603,0.1939587924217451,0.20648243801652894,0.20648243801652894,0.20648243801652894,0.20648243801652894,0.23416722668649365,0.335201279605334,0.450405207029905
Deviation,-,15%,15%,20%,25%,30%,30%,30%,30%,35%,35%,35%,35%,35%,35%,35%,35%,40%,40%,40%,45%,45%,45%,45%,45%,45%,50%,50%,50%,50%,50%,>50%,>50%,>50%,>50%,>50%,>50%,>50%,>50%,>50%,>50%,>50%,>50%,>50%,>50%,>50%,>50%,>50%,>50%,>50%,>50%,>50%,>50%
NodeOverlap,4,3,4,0,0,0,0,2,4,0,2,0,0,0,2,0,0,2,0,0,0,0,0,0,0,0,0,0,0,0,0,0,0,0,0,0,0,1,0,0,0,0,0,0,0,0,0,0,0,0,0,0,0
,,,,,,,,,,,,,,,,,,,,,,,,,,,,,,,,,,,,,,,,,,,,,,,,,,,,,
,C51: 5,C23: 5,C36: 5,C27: 7,C24: 8,C52: 6,C38: 7,C15: 4,C5: 123,C1: 143,C41: 6,C10: 104,C18: 62,C29: 60,C13: 73,C47: 46,C37: 53,C50: 4,C14: 29,C53: 5,C40: 18,C7: 15,C20: 15,C12: 14,C42: 24,C8: 17,C26: 26,C44: 2,C4: 18,C19: 2,C2: 16,C9: 3,C25: 3,C16: 4,C17: 8,C43: 4,C31: 7,C11: 5,C30: 3,C3: 3,C32: 3,C48: 3,C39: 2,C6: 2,C34: 2,C21: 2,C33: 2,C28: 1,C45: 1,C49: 1,C22: 1,C46: 8,C35: 2
C51: 5,0.0,0.0027873539265407077,0.007067858059211795,0.01094614228758967,0.015082551467952638,0.015416149590747009,0.017587538373759485,0.01818824061758304,0.01859903317636581,0.018975620122285108,0.02120899923564636,0.021538861435228717,0.02454982411490504,0.02513463839090211,0.026174266166449776,0.02637150002164804,0.02738419710378524,0.03202240343085267,0.035079628992737984,0.03642834982475734,0.0397529930569786,0.03986553931568397,0.03986553931568397,0.04176879320931736,0.042348817108253375,0.04276384299307441,0.045175134196534066,0.04831844943587568,0.04925563630588508,0.05061044921802478,0.053213071133746265,0.05417846059423111,0.0561324035994908,0.057586949354744524,0.0620736632155259,0.06664830081838648,0.07086456273672484,0.0768866587297089,0.07996521373023871,0.08395792208470959,0.09296813746444148,0.09849511106810066,0.10581126898382598,0.11344890876093122,0.11673244923960766,0.13238574908864248,0.1692200237698078,0.2076053194180585,0.2076053194180585,0.2076053194180585,0.2076053194180585,0.30051652048071475,0.4274864547262128
Deviation,-,15%,20%,25%,30%,30%,30%,30%,30%,30%,35%,35%,35%,35%,35%,35%,35%,40%,40%,45%,45%,45%,45%,45%,45%,45%,45%,50%,50%,50%,50%,50%,50%,>50%,>50%,>50%,>50%,>50%,>50%,>50%,>50%,>50%,>50%,>50%,>50%,>50%,>50%,>50%,>50%,>50%,>50%,>50%,>50%
NodeOverlap,5,0,0,0,0,0,0,0,5,5,0,5,5,5,5,0,5,0,0,0,0,0,0,0,0,0,0,0,0,0,0,0,0,0,0,0,0,0,0,0,0,0,0,0,0,0,0,0,0,0,0,0,0
,,,,,,,,,,,,,,,,,,,,,,,,,,,,,,,,,,,,,,,,,,,,,,,,,,,,,
,C52: 6,C38: 7,C24: 8,C27: 7,C41: 6,C51: 5,C1: 143,C5: 123,C53: 5,C10: 104,C42: 24,C26: 26,C18: 62,C13: 73,C29: 60,C37: 53,C47: 46,C14: 29,C7: 15,C20: 15,C12: 14,C36: 5,C4: 18,C17: 8,C2: 16,C23: 5,C31: 7,C43: 4,C15: 4,C50: 4,C48: 3,C3: 3,C11: 5,C40: 18,C46: 8,C8: 17,C16: 4,C19: 2,C44: 2,C39: 2,C21: 2,C34: 2,C6: 2,C30: 3,C33: 2,C9: 3,C25: 3,C32: 3,C35: 2,C22: 1,C28: 1,C49: 1,C45: 1
C52: 6,0.0,0.0038879888762528092,0.005200940280837136,0.006406939745803532,0.013656864602437724,0.015416149590747009,0.018885009235924004,0.018940022992899697,0.019197860281908882,0.0215037859001096,0.024840530025333717,0.02611168733336035,0.02681856446251251,0.02726538464141644,0.027723821997583525,0.030863378097431768,0.03125291032518377,0.03338273637539535,0.03511068012543856,0.03511068012543856,0.03738245374986346,0.040268335613839,0.043961436301737065,0.04534294906703201,0.04932670120706695,0.05088933097458643,0.05090460979194667,0.05237072320783559,0.05910319858502721,0.061107972922277376,0.07337827603743921,0.07350193527202954,0.0818236287123068,0.0897110614453916,0.09409343013291,0.09423000333035923,0.09511645587550728,0.09628134650021493,0.0972683844400511,0.0995786951361404,0.10582180669919923,0.1058529637372558,0.10682306774880132,0.10722389353949556,0.11651256231028158,0.1198176399038435,0.1330301022431909,0.14009682795487524,0.238063366437536,0.2429978411779593,0.2429978411779593,0.2429978411779593,0.2429978411779593
Deviation,-,15%,20%,20%,30%,30%,30%,30%,35%,35%,35%,40%,40%,40%,40%,40%,40%,40%,45%,45%,45%,45%,50%,50%,50%,50%,50%,50%,>50%,>50%,>50%,>50%,>50%,>50%,>50%,>50%,>50%,>50%,>50%,>50%,>50%,>50%,>50%,>50%,>50%,>50%,>50%,>50%,>50%,>50%,>50%,>50%,>50%
NodeOverlap,6,0,0,0,0,0,6,6,0,6,0,0,5,5,3,1,0,1,0,0,0,5,0,0,0,0,0,0,0,0,0,0,0,0,0,0,0,0,0,0,0,0,0,3,0,0,0,0,0,0,0,0,0
,,,,,,,,,,,,,,,,,,,,,,,,,,,,,,,,,,,,,,,,,,,,,,,,,,,,,
,C53: 5,C43: 4,C38: 7,C41: 6,C24: 8,C36: 5,C5: 123,C1: 143,C52: 6,C10: 104,C17: 8,C48: 3,C15: 4,C18: 62,C29: 60,C13: 73,C47: 46,C31: 7,C37: 53,C11: 5,C9: 3,C27: 7,C25: 3,C51: 5,C42: 24,C32: 3,C23: 5,C26: 26,C14: 29,C3: 3,C46: 8,C20: 15,C7: 15,C33: 2,C12: 14,C4: 18,C40: 18,C21: 2,C50: 4,C2: 16,C8: 17,C34: 2,C6: 2,C16: 4,C35: 2,C30: 3,C19: 2,C44: 2,C39: 2,C45: 1,C49: 1,C28: 1,C22: 1
C53: 5,0.0,0.010989617549720856,0.015497123599079956,0.016076677913673794,0.01753241300293483,0.017565966713569508,0.018910377902835958,0.01914164433497199,0.019197860281908882,0.02180039422638825,0.02200122222222224,0.022264154600461848,0.022475108006641747,0.025167441054189017,0.02563486897857572,0.02648403570858493,0.027081214143756388,0.02714375666224441,0.02801575626119489,0.028911654794134413,0.02923754791160748,0.03009348565024825,0.03527697940989788,0.03642834982475734,0.039520527291590085,0.040400853972093975,0.04228684306290285,0.04483460217921241,0.04491623056230039,0.0467192499229305,0.04764218750000003,0.058072074419873686,0.058072074419873686,0.05953526860696165,0.061949319062144674,0.06554268573995188,0.06783448997169203,0.06945806127839074,0.07201070804274998,0.07286405844079151,0.07342688444390484,0.08407933599681297,0.08942997229070296,0.11271350115593815,0.12374406750606864,0.12839489555254194,0.18763291560222,0.1963619092477869,0.2081599720830919,0.33192154612929825,0.33192154612929825,0.33192154612929825,0.33192154612929825
Deviation,-,20%,25%,25%,25%,25%,30%,30%,30%,30%,30%,30%,30%,30%,30%,35%,35%,35%,35%,35%,35%,35%,35%,40%,40%,40%,40%,40%,40%,45%,45%,45%,45%,50%,50%,50%,50%,50%,50%,>50%,>50%,>50%,>50%,>50%,>50%,>50%,>50%,>50%,>50%,>50%,>50%,>50%,>50%
NodeOverlap,5,0,5,0,1,0,0,5,0,0,0,0,0,0,0,0,0,0,0,0,0,4,0,0,0,0,0,0,0,0,0,5,5,0,5,5,0,0,0,5,0,0,0,0,0,0,0,0,0,0,0,0,0
,,,,,,,,,,,,,,,,,,,,,,,,,,,,,,,,,,,,,,,,,,,,,,,,,,,,,
