Cluster_Index,Node_Ids,NoInflation_Value,SumOfNoInflationValues,NumberOfNodes,Inflation,Iteration,GraphId,MClusterIndex
1,"(1, 2, 3, 4, 5, 6, 7, 8, 9, 10, 11, 12, 13, 14, 15, 16, 17, 18, 19, 20, 21, 22, 23, 24, 25, 26, 27, 28, 29, 30, 31, 32, 33, 34, 35, 36, 37, 38, 39, 40, 41, 42, 43, 44, 45, 46, 47, 48, 49, 50, 51, 52, 53, 54, 55, 56, 57, 58, 59, 60, 61, 62, 63, 64, 65, 66, 67, 68, 69, 70, 71, 72, 73, 74, 75, 76, 77, 78, 79, 80, 81, 82, 83, 84, 85, 86, 87, 88, 89, 90, 91, 92, 93, 94, 95, 96, 97, 98, 99, 100, 101, 102, 103, 104, 105, 106, 107, 108, 109, 110, 111, 112, 113, 114, 115, 116, 117, 118, 119, 120, 121, 122, 123, 124, 125, 126, 127, 128, 129, 130, 131, 132, 133, 134, 135, 136, 137, 138, 139, 140, 141, 142, 143)","[0.0018, 0.0103, 0.0095, 0.0087, 0.0018, 0.0073, 0.0042, 0.0018, 0.0096, 0.0065, 0.0065, 0.0049, 0.0088, 0.0072, 0.0011, 0.008, 0.0226, 0.008, 0.0125, 0.0133, 0.005, 0.0112, 0.0042, 0.0065, 0.0034, 0.0088, 0.0079, 0.008, 0.0087, 0.0034, 0.0141, 0.0135, 0.0026, 0.0027, 0.008, 0.0049, 0.0112, 0.0026, 0.0073, 0.0042, 0.0065, 0.001, 0.0149, 0.0034, 0.0034, 0.0026, 0.0127, 0.0156, 0.0081, 0.0127, 0.0088, 0.0018, 0.0111, 0.0056, 0.0034, 0.0112, 0.0057, 0.0073, 0.0026, 0.0112, 0.005, 0.0018, 0.001, 0.0104, 0.0118, 0.0088, 0.0126, 0.0088, 0.0125, 0.0057, 0.0087, 0.0135, 0.0065, 0.0142, 0.0119, 0.005, 0.0096, 0.0057, 0.0034, 0.001, 0.0018, 0.0058, 0.0042, 0.0035, 0.0075, 0.0051, 0.0026, 0.0018, 0.0018, 0.0073, 0.0143, 0.0011, 0.0018, 0.0042, 0.0178, 0.0018, 0.0018, 0.0011, 0.0073, 0.0089, 0.0096, 0.0073, 0.0042, 0.0073, 0.0308, 0.0034, 0.0072, 0.0034, 0.0073, 0.0042, 0.0058, 0.0073, 0.0019, 0.0026, 0.0081, 0.0034, 0.0057, 0.0119, 0.0065, 0.0058, 0.0096, 0.0112, 0.0103, 0.0135, 0.008, 0.0043, 0.0027, 0.0026, 0.0051, 0.0075, 0.0034, 0.0148, 0.0019, 0.0057, 0.0018, 0.0133, 0.0081, 0.0018, 0.0073, 0.0018, 0.0075, 0.0088, 0.0072]",1.0035,143,1.1,25,iaEnron,C1
,,,,,,,,
1,"(1, 2, 3, 4, 5, 6, 7, 8, 9, 10, 11, 12, 13, 14, 15, 16, 17, 18, 19, 20, 21, 22, 23, 24, 25, 26, 27, 28, 29, 30, 31, 32, 33, 34, 35, 36, 37, 38, 39, 40, 41, 42, 43, 44, 45, 46, 47, 48, 49, 50, 51, 52, 53, 54, 55, 56, 57, 58, 59, 60, 61, 62, 63, 64, 65, 66, 67, 68, 69, 70, 71, 72, 73, 74, 75, 76, 77, 78, 79, 80, 81, 82, 83, 84, 85, 86, 87, 88, 89, 90, 91, 92, 93, 94, 95, 96, 97, 98, 99, 100, 101, 102, 103, 104, 105, 106, 107, 108, 109, 110, 111, 112, 113, 114, 115, 116, 117, 118, 119, 120, 121, 122, 123, 124, 125, 126, 127, 128, 129, 130, 131, 132, 133, 134, 135, 136, 137, 138, 139, 140, 141, 142, 143)","[0.0018, 0.0103, 0.0095, 0.0087, 0.0018, 0.0073, 0.0042, 0.0018, 0.0096, 0.0065, 0.0065, 0.0049, 0.0088, 0.0072, 0.0011, 0.008, 0.0226, 0.008, 0.0125, 0.0133, 0.005, 0.0112, 0.0042, 0.0065, 0.0034, 0.0088, 0.0079, 0.008, 0.0087, 0.0034, 0.0141, 0.0135, 0.0026, 0.0027, 0.008, 0.0049, 0.0112, 0.0026, 0.0073, 0.0042, 0.0065, 0.001, 0.0149, 0.0034, 0.0034, 0.0026, 0.0127, 0.0156, 0.0081, 0.0127, 0.0088, 0.0018, 0.0111, 0.0056, 0.0034, 0.0112, 0.0057, 0.0073, 0.0026, 0.0112, 0.005, 0.0018, 0.001, 0.0104, 0.0118, 0.0088, 0.0126, 0.0088, 0.0125, 0.0057, 0.0087, 0.0135, 0.0065, 0.0142, 0.0119, 0.005, 0.0096, 0.0057, 0.0034, 0.001, 0.0018, 0.0058, 0.0042, 0.0035, 0.0075, 0.0051, 0.0026, 0.0018, 0.0018, 0.0073, 0.0143, 0.0011, 0.0018, 0.0042, 0.0178, 0.0018, 0.0018, 0.0011, 0.0073, 0.0089, 0.0096, 0.0073, 0.0042, 0.0073, 0.0308, 0.0034, 0.0072, 0.0034, 0.0073, 0.0042, 0.0058, 0.0073, 0.0019, 0.0026, 0.0081, 0.0034, 0.0057, 0.0119, 0.0065, 0.0058, 0.0096, 0.0112, 0.0103, 0.0135, 0.008, 0.0043, 0.0027, 0.0026, 0.0051, 0.0075, 0.0034, 0.0148, 0.0019, 0.0057, 0.0018, 0.0133, 0.0081, 0.0018, 0.0073, 0.0018, 0.0075, 0.0088, 0.0072]",1.0035,143,1.2,25,iaEnron,C2
,,,,,,,,
1,"(1, 2, 3, 4, 5, 6, 7, 8, 9, 10, 11, 12, 13, 14, 15, 16, 17, 18, 19, 20, 21, 22, 23, 24, 25, 26, 27, 28, 29, 30, 31, 32, 33, 34, 35, 36, 37, 38, 39, 40, 41, 42, 43, 44, 45, 46, 47, 48, 49, 50, 51, 52, 53, 54, 55, 56, 57, 58, 59, 60, 61, 62, 63, 64, 65, 66, 67, 68, 69, 70, 71, 72, 73, 74, 75, 76, 77, 78, 79, 80, 81, 82, 83, 84, 85, 86, 87, 88, 89, 90, 91, 92, 93, 94, 95, 96, 97, 98, 99, 100, 101, 102, 103, 104, 105, 106, 107, 108, 109, 110, 111, 112, 113, 114, 115, 116, 117, 118, 119, 120, 121, 122, 123, 124, 125, 126, 127, 128, 129, 130, 131, 132, 133, 134, 135, 136, 137, 138, 139, 140, 141, 142, 143)","[0.0018, 0.0103, 0.0095, 0.0087, 0.0018, 0.0073, 0.0042, 0.0018, 0.0096, 0.0065, 0.0065, 0.0049, 0.0088, 0.0072, 0.0011, 0.008, 0.0226, 0.008, 0.0125, 0.0133, 0.005, 0.0112, 0.0042, 0.0065, 0.0034, 0.0088, 0.0079, 0.008, 0.0087, 0.0034, 0.0141, 0.0135, 0.0026, 0.0027, 0.008, 0.0049, 0.0112, 0.0026, 0.0073, 0.0042, 0.0065, 0.001, 0.0149, 0.0034, 0.0034, 0.0026, 0.0127, 0.0156, 0.0081, 0.0127, 0.0088, 0.0018, 0.0111, 0.0056, 0.0034, 0.0112, 0.0057, 0.0073, 0.0026, 0.0112, 0.005, 0.0018, 0.001, 0.0104, 0.0118, 0.0088, 0.0126, 0.0088, 0.0125, 0.0057, 0.0087, 0.0135, 0.0065, 0.0142, 0.0119, 0.005, 0.0096, 0.0057, 0.0034, 0.001, 0.0018, 0.0058, 0.0042, 0.0035, 0.0075, 0.0051, 0.0026, 0.0018, 0.0018, 0.0073, 0.0143, 0.0011, 0.0018, 0.0042, 0.0178, 0.0018, 0.0018, 0.0011, 0.0073, 0.0089, 0.0096, 0.0073, 0.0042, 0.0073, 0.0308, 0.0034, 0.0072, 0.0034, 0.0073, 0.0042, 0.0058, 0.0073, 0.0019, 0.0026, 0.0081, 0.0034, 0.0057, 0.0119, 0.0065, 0.0058, 0.0096, 0.0112, 0.0103, 0.0135, 0.008, 0.0043, 0.0027, 0.0026, 0.0051, 0.0075, 0.0034, 0.0148, 0.0019, 0.0057, 0.0018, 0.0133, 0.0081, 0.0018, 0.0073, 0.0018, 0.0075, 0.0088, 0.0072]",1.0035,143,1.3,25,iaEnron,C3
2,"(15, 84, 85, 86, 92, 96, 98, 113, 126, 127, 128, 129, 130, 133, 134, 141)","[0.0011, 0.0035, 0.0075, 0.0051, 0.0011, 0.0018, 0.0011, 0.0019, 0.0043, 0.0027, 0.0026, 0.0051, 0.0075, 0.0019, 0.0057, 0.0075]",0.0604,16,1.3,25,iaEnron,C4
,,,,,,,,
1,"(33, 81, 120)","[0.0026, 0.0018, 0.0058]",0.0102,3,1.4,25,iaEnron,C5
2,"(15, 84, 85, 86, 92, 96, 98, 113, 126, 127, 128, 129, 130, 133, 134, 135, 140, 141)","[0.0011, 0.0035, 0.0075, 0.0051, 0.0011, 0.0018, 0.0011, 0.0019, 0.0043, 0.0027, 0.0026, 0.0051, 0.0075, 0.0019, 0.0057, 0.0018, 0.0018, 0.0075]",0.064,18,1.4,25,iaEnron,C6
3,"(1, 2, 3, 4, 5, 6, 7, 8, 9, 10, 11, 12, 13, 14, 16, 17, 18, 19, 20, 21, 22, 23, 24, 25, 26, 27, 28, 29, 30, 31, 32, 34, 35, 36, 37, 38, 39, 40, 41, 42, 43, 44, 45, 46, 47, 48, 49, 50, 51, 52, 53, 54, 55, 56, 57, 58, 59, 60, 61, 62, 63, 64, 65, 66, 67, 68, 69, 70, 71, 72, 73, 74, 75, 76, 77, 78, 79, 80, 82, 83, 87, 88, 89, 90, 91, 93, 94, 95, 97, 99, 100, 101, 102, 103, 104, 105, 106, 107, 108, 109, 110, 111, 112, 114, 115, 116, 117, 118, 119, 121, 122, 123, 124, 125, 131, 132, 136, 137, 138, 139, 140, 142, 143)","[0.0018, 0.0103, 0.0095, 0.0087, 0.0018, 0.0073, 0.0042, 0.0018, 0.0096, 0.0065, 0.0065, 0.0049, 0.0088, 0.0072, 0.008, 0.0226, 0.008, 0.0125, 0.0133, 0.005, 0.0112, 0.0042, 0.0065, 0.0034, 0.0088, 0.0079, 0.008, 0.0087, 0.0034, 0.0141, 0.0135, 0.0027, 0.008, 0.0049, 0.0112, 0.0026, 0.0073, 0.0042, 0.0065, 0.001, 0.0149, 0.0034, 0.0034, 0.0026, 0.0127, 0.0156, 0.0081, 0.0127, 0.0088, 0.0018, 0.0111, 0.0056, 0.0034, 0.0112, 0.0057, 0.0073, 0.0026, 0.0112, 0.005, 0.0018, 0.001, 0.0104, 0.0118, 0.0088, 0.0126, 0.0088, 0.0125, 0.0057, 0.0087, 0.0135, 0.0065, 0.0142, 0.0119, 0.005, 0.0096, 0.0057, 0.0034, 0.001, 0.0058, 0.0042, 0.0026, 0.0018, 0.0018, 0.0073, 0.0143, 0.0018, 0.0042, 0.0178, 0.0018, 0.0073, 0.0089, 0.0096, 0.0073, 0.0042, 0.0073, 0.0308, 0.0034, 0.0072, 0.0034, 0.0073, 0.0042, 0.0058, 0.0073, 0.0026, 0.0081, 0.0034, 0.0057, 0.0119, 0.0065, 0.0096, 0.0112, 0.0103, 0.0135, 0.008, 0.0034, 0.0148, 0.0133, 0.0081, 0.0018, 0.0073, 0.0018, 0.0088, 0.0072]",0.9311,123,1.4,25,iaEnron,C7
,,,,,,,,
1,"(33, 81, 120)","[0.0026, 0.0018, 0.0058]",0.0102,3,1.5,25,iaEnron,C8
2,"(34, 42)","[0.0027, 0.001]",0.0037,2,1.5,25,iaEnron,C9
3,"(15, 84, 85, 86, 92, 96, 98, 113, 126, 127, 128, 129, 130, 133, 141)","[0.0011, 0.0035, 0.0075, 0.0051, 0.0011, 0.0018, 0.0011, 0.0019, 0.0043, 0.0027, 0.0026, 0.0051, 0.0075, 0.0019, 0.0075]",0.0547,15,1.5,25,iaEnron,C10
4,"(2, 3, 4, 18, 19, 20, 27, 28, 29, 31, 54, 65, 67, 69, 71, 132, 136)","[0.0103, 0.0095, 0.0087, 0.008, 0.0125, 0.0133, 0.0079, 0.008, 0.0087, 0.0141, 0.0056, 0.0118, 0.0126, 0.0125, 0.0087, 0.0148, 0.0133]",0.1803,17,1.5,25,iaEnron,C11
5,"(46, 95, 112)","[0.0026, 0.0178, 0.0073]",0.0277,3,1.5,25,iaEnron,C12
6,"(1, 5, 6, 7, 8, 9, 10, 11, 12, 13, 14, 16, 17, 21, 22, 23, 24, 25, 26, 30, 32, 35, 36, 37, 38, 39, 40, 41, 43, 44, 45, 47, 48, 49, 50, 51, 52, 53, 55, 56, 57, 58, 59, 60, 61, 62, 63, 64, 65, 66, 68, 70, 72, 73, 74, 75, 76, 77, 78, 79, 80, 82, 83, 87, 88, 89, 90, 91, 93, 94, 97, 99, 100, 101, 102, 103, 104, 105, 106, 107, 108, 109, 110, 111, 114, 115, 116, 117, 118, 119, 121, 122, 123, 124, 125, 131, 134, 135, 137, 138, 139, 140, 142, 143)","[0.0018, 0.0018, 0.0073, 0.0042, 0.0018, 0.0096, 0.0065, 0.0065, 0.0049, 0.0088, 0.0072, 0.008, 0.0226, 0.005, 0.0112, 0.0042, 0.0065, 0.0034, 0.0088, 0.0034, 0.0135, 0.008, 0.0049, 0.0112, 0.0026, 0.0073, 0.0042, 0.0065, 0.0149, 0.0034, 0.0034, 0.0127, 0.0156, 0.0081, 0.0127, 0.0088, 0.0018, 0.0111, 0.0034, 0.0112, 0.0057, 0.0073, 0.0026, 0.0112, 0.005, 0.0018, 0.001, 0.0104, 0.0118, 0.0088, 0.0088, 0.0057, 0.0135, 0.0065, 0.0142, 0.0119, 0.005, 0.0096, 0.0057, 0.0034, 0.001, 0.0058, 0.0042, 0.0026, 0.0018, 0.0018, 0.0073, 0.0143, 0.0018, 0.0042, 0.0018, 0.0073, 0.0089, 0.0096, 0.0073, 0.0042, 0.0073, 0.0308, 0.0034, 0.0072, 0.0034, 0.0073, 0.0042, 0.0058, 0.0026, 0.0081, 0.0034, 0.0057, 0.0119, 0.0065, 0.0096, 0.0112, 0.0103, 0.0135, 0.008, 0.0034, 0.0057, 0.0018, 0.0081, 0.0018, 0.0073, 0.0018, 0.0088, 0.0072]",0.7387,104,1.5,25,iaEnron,C13
,,,,,,,,
1,"(8, 46, 80, 95, 112)","[0.0018, 0.0026, 0.001, 0.0178, 0.0073]",0.0305,5,1.6,25,iaEnron,C14
2,"(15, 84, 85, 86, 92, 98, 113, 126, 127, 128, 129, 130, 133, 141)","[0.0011, 0.0035, 0.0075, 0.0051, 0.0011, 0.0011, 0.0019, 0.0043, 0.0027, 0.0026, 0.0051, 0.0075, 0.0019, 0.0075]",0.0529,14,1.6,25,iaEnron,C15
3,"(33, 81, 120)","[0.0026, 0.0018, 0.0058]",0.0102,3,1.6,25,iaEnron,C16
4,"(34, 42)","[0.0027, 0.001]",0.0037,2,1.6,25,iaEnron,C17
5,"(2, 3, 4, 18, 19, 20, 27, 28, 29, 31, 54, 65, 67, 69, 71, 132, 136)","[0.0103, 0.0095, 0.0087, 0.008, 0.0125, 0.0133, 0.0079, 0.008, 0.0087, 0.0141, 0.0056, 0.0118, 0.0126, 0.0125, 0.0087, 0.0148, 0.0133]",0.1803,17,1.6,25,iaEnron,C18
6,"(1, 5, 6, 9, 11, 12, 13, 14, 16, 22, 23, 26, 30, 35, 38, 43, 44, 45, 47, 49, 50, 51, 52, 53, 56, 57, 61, 62, 63, 64, 66, 68, 72, 73, 74, 75, 77, 78, 82, 87, 88, 90, 91, 93, 94, 97, 99, 100, 101, 102, 103, 105, 106, 107, 108, 109, 111, 114, 116, 117, 118, 119, 122, 123, 125, 131, 134, 135, 137, 139, 140, 142, 143)","[0.0018, 0.0018, 0.0073, 0.0096, 0.0065, 0.0049, 0.0088, 0.0072, 0.008, 0.0112, 0.0042, 0.0088, 0.0034, 0.008, 0.0026, 0.0149, 0.0034, 0.0034, 0.0127, 0.0081, 0.0127, 0.0088, 0.0018, 0.0111, 0.0112, 0.0057, 0.005, 0.0018, 0.001, 0.0104, 0.0088, 0.0088, 0.0135, 0.0065, 0.0142, 0.0119, 0.0096, 0.0057, 0.0058, 0.0026, 0.0018, 0.0073, 0.0143, 0.0018, 0.0042, 0.0018, 0.0073, 0.0089, 0.0096, 0.0073, 0.0042, 0.0308, 0.0034, 0.0072, 0.0034, 0.0073, 0.0058, 0.0026, 0.0034, 0.0057, 0.0119, 0.0065, 0.0112, 0.0103, 0.008, 0.0034, 0.0057, 0.0018, 0.0081, 0.0073, 0.0018, 0.0088, 0.0072]",0.5236,73,1.6,25,iaEnron,C19
7,"(7, 10, 17, 21, 24, 25, 32, 36, 37, 39, 40, 41, 48, 55, 58, 59, 60, 70, 76, 79, 83, 89, 96, 104, 110, 115, 121, 124, 138)","[0.0042, 0.0065, 0.0226, 0.005, 0.0065, 0.0034, 0.0135, 0.0049, 0.0112, 0.0073, 0.0042, 0.0065, 0.0156, 0.0034, 0.0073, 0.0026, 0.0112, 0.0057, 0.005, 0.0034, 0.0042, 0.0018, 0.0018, 0.0073, 0.0042, 0.0081, 0.0096, 0.0135, 0.0018]",0.2023,29,1.6,25,iaEnron,C20
,,,,,,,,
1,"(22, 72, 134, 140)","[0.0112, 0.0135, 0.0057, 0.0018]",0.0322,4,1.7,25,iaEnron,C21
2,"(23, 111, 116, 120)","[0.0042, 0.0058, 0.0034, 0.0058]",0.0192,4,1.7,25,iaEnron,C22
3,"(8, 46, 62, 80, 88, 95, 108, 112)","[0.0018, 0.0026, 0.0018, 0.001, 0.0018, 0.0178, 0.0034, 0.0073]",0.0375,8,1.7,25,iaEnron,C23
4,"(1, 5, 6, 9, 11, 12, 13, 14, 16, 26, 30, 35, 38, 43, 44, 45, 47, 49, 50, 51, 52, 53, 56, 57, 61, 63, 64, 66, 68, 73, 74, 75, 77, 78, 82, 87, 90, 91, 93, 94, 97, 99, 100, 101, 102, 103, 105, 106, 107, 109, 114, 117, 118, 119, 122, 123, 125, 131, 137, 139, 142, 143)","[0.0018, 0.0018, 0.0073, 0.0096, 0.0065, 0.0049, 0.0088, 0.0072, 0.008, 0.0088, 0.0034, 0.008, 0.0026, 0.0149, 0.0034, 0.0034, 0.0127, 0.0081, 0.0127, 0.0088, 0.0018, 0.0111, 0.0112, 0.0057, 0.005, 0.001, 0.0104, 0.0088, 0.0088, 0.0065, 0.0142, 0.0119, 0.0096, 0.0057, 0.0058, 0.0026, 0.0073, 0.0143, 0.0018, 0.0042, 0.0018, 0.0073, 0.0089, 0.0096, 0.0073, 0.0042, 0.0308, 0.0034, 0.0072, 0.0073, 0.0026, 0.0057, 0.0119, 0.0065, 0.0112, 0.0103, 0.008, 0.0034, 0.0081, 0.0073, 0.0088, 0.0072]",0.4692,62,1.7,25,iaEnron,C24
5,"(33, 81)","[0.0026, 0.0018]",0.0044,2,1.7,25,iaEnron,C25
6,"(34, 42)","[0.0027, 0.001]",0.0037,2,1.7,25,iaEnron,C26
7,"(2, 3, 4, 18, 19, 20, 27, 28, 29, 31, 54, 65, 67, 69, 71, 132, 136)","[0.0103, 0.0095, 0.0087, 0.008, 0.0125, 0.0133, 0.0079, 0.008, 0.0087, 0.0141, 0.0056, 0.0118, 0.0126, 0.0125, 0.0087, 0.0148, 0.0133]",0.1803,17,1.7,25,iaEnron,C27
8,"(15, 84, 85, 86, 92, 98, 113, 126, 127, 128, 129, 130, 133, 135, 141)","[0.0011, 0.0035, 0.0075, 0.0051, 0.0011, 0.0011, 0.0019, 0.0043, 0.0027, 0.0026, 0.0051, 0.0075, 0.0019, 0.0018, 0.0075]",0.0547,15,1.7,25,iaEnron,C28
9,"(7, 10, 17, 21, 24, 25, 32, 36, 37, 39, 40, 41, 48, 55, 58, 59, 60, 70, 76, 79, 83, 89, 96, 104, 110, 115, 121, 124, 138)","[0.0042, 0.0065, 0.0226, 0.005, 0.0065, 0.0034, 0.0135, 0.0049, 0.0112, 0.0073, 0.0042, 0.0065, 0.0156, 0.0034, 0.0073, 0.0026, 0.0112, 0.0057, 0.005, 0.0034, 0.0042, 0.0018, 0.0018, 0.0073, 0.0042, 0.0081, 0.0096, 0.0135, 0.0018]",0.2023,29,1.7,25,iaEnron,C29
,,,,,,,,
1,"(110, 124)","[0.0042, 0.0135]",0.0177,2,1.8,25,iaEnron,C30
2,"(22,)",[0.0112],0.0112,1,1.8,25,iaEnron,C31
3,"(8, 46, 62, 80, 88, 95, 108, 112)","[0.0018, 0.0026, 0.0018, 0.001, 0.0018, 0.0178, 0.0034, 0.0073]",0.0375,8,1.8,25,iaEnron,C32
4,"(23, 33, 111, 116, 120)","[0.0042, 0.0026, 0.0058, 0.0034, 0.0058]",0.0218,5,1.8,25,iaEnron,C33
5,"(85, 86, 92, 98, 127, 129, 133, 135)","[0.0075, 0.0051, 0.0011, 0.0011, 0.0027, 0.0051, 0.0019, 0.0018]",0.0263,8,1.8,25,iaEnron,C34
6,"(34, 42)","[0.0027, 0.001]",0.0037,2,1.8,25,iaEnron,C35
7,"(72, 134, 140)","[0.0135, 0.0057, 0.0018]",0.021,3,1.8,25,iaEnron,C36
8,"(7, 10, 17, 21, 24, 25, 32, 36, 37, 39, 40, 41, 48, 55, 58, 59, 60, 70, 76, 79, 83, 89, 96, 104, 115, 138)","[0.0042, 0.0065, 0.0226, 0.005, 0.0065, 0.0034, 0.0135, 0.0049, 0.0112, 0.0073, 0.0042, 0.0065, 0.0156, 0.0034, 0.0073, 0.0026, 0.0112, 0.0057, 0.005, 0.0034, 0.0042, 0.0018, 0.0018, 0.0073, 0.0081, 0.0018]",0.175,26,1.8,25,iaEnron,C37
9,"(2, 3, 4, 18, 19, 20, 27, 28, 29, 31, 54, 65, 67, 69, 71, 132, 136)","[0.0103, 0.0095, 0.0087, 0.008, 0.0125, 0.0133, 0.0079, 0.008, 0.0087, 0.0141, 0.0056, 0.0118, 0.0126, 0.0125, 0.0087, 0.0148, 0.0133]",0.1803,17,1.8,25,iaEnron,C38
10,"(15, 84, 113, 126, 128, 130, 141)","[0.0011, 0.0035, 0.0019, 0.0043, 0.0026, 0.0075, 0.0075]",0.0284,7,1.8,25,iaEnron,C39
11,"(81,)",[0.0018],0.0018,1,1.8,25,iaEnron,C40
12,"(1, 5, 6, 9, 11, 12, 13, 14, 16, 26, 30, 35, 38, 43, 44, 45, 47, 49, 50, 51, 52, 53, 56, 57, 61, 63, 64, 66, 68, 73, 75, 77, 78, 82, 87, 90, 91, 93, 94, 97, 99, 100, 101, 103, 105, 106, 107, 109, 114, 117, 118, 119, 122, 123, 125, 131, 137, 139, 142, 143)","[0.0018, 0.0018, 0.0073, 0.0096, 0.0065, 0.0049, 0.0088, 0.0072, 0.008, 0.0088, 0.0034, 0.008, 0.0026, 0.0149, 0.0034, 0.0034, 0.0127, 0.0081, 0.0127, 0.0088, 0.0018, 0.0111, 0.0112, 0.0057, 0.005, 0.001, 0.0104, 0.0088, 0.0088, 0.0065, 0.0119, 0.0096, 0.0057, 0.0058, 0.0026, 0.0073, 0.0143, 0.0018, 0.0042, 0.0018, 0.0073, 0.0089, 0.0096, 0.0042, 0.0308, 0.0034, 0.0072, 0.0073, 0.0026, 0.0057, 0.0119, 0.0065, 0.0112, 0.0103, 0.008, 0.0034, 0.0081, 0.0073, 0.0088, 0.0072]",0.4477,60,1.8,25,iaEnron,C41
13,"(74, 102, 121)","[0.0142, 0.0073, 0.0096]",0.0311,3,1.8,25,iaEnron,C42
,,,,,,,,
1,"(8, 62, 80, 88, 95, 100, 108)","[0.0018, 0.0018, 0.001, 0.0018, 0.0178, 0.0089, 0.0034]",0.0365,7,1.9,25,iaEnron,C43
2,"(110, 124, 138)","[0.0042, 0.0135, 0.0018]",0.0195,3,1.9,25,iaEnron,C44
3,"(130, 133)","[0.0075, 0.0019]",0.0094,2,1.9,25,iaEnron,C45
4,"(46, 112)","[0.0026, 0.0073]",0.0099,2,1.9,25,iaEnron,C46
5,"(72, 140)","[0.0135, 0.0018]",0.0153,2,1.9,25,iaEnron,C47
6,"(23, 33, 111, 116, 120)","[0.0042, 0.0026, 0.0058, 0.0034, 0.0058]",0.0218,5,1.9,25,iaEnron,C48
7,"(11, 12, 74, 102, 121)","[0.0065, 0.0049, 0.0142, 0.0073, 0.0096]",0.0425,5,1.9,25,iaEnron,C49
8,"(1, 5, 6, 9, 13, 14, 16, 26, 30, 35, 38, 43, 44, 45, 47, 49, 50, 51, 52, 53, 56, 57, 61, 63, 64, 66, 68, 73, 75, 77, 78, 90, 93, 94, 97, 99, 101, 103, 105, 107, 109, 114, 117, 118, 119, 122, 123, 125, 131, 137, 139, 142, 143)","[0.0018, 0.0018, 0.0073, 0.0096, 0.0088, 0.0072, 0.008, 0.0088, 0.0034, 0.008, 0.0026, 0.0149, 0.0034, 0.0034, 0.0127, 0.0081, 0.0127, 0.0088, 0.0018, 0.0111, 0.0112, 0.0057, 0.005, 0.001, 0.0104, 0.0088, 0.0088, 0.0065, 0.0119, 0.0096, 0.0057, 0.0073, 0.0018, 0.0042, 0.0018, 0.0073, 0.0096, 0.0042, 0.0308, 0.0072, 0.0073, 0.0026, 0.0057, 0.0119, 0.0065, 0.0112, 0.0103, 0.008, 0.0034, 0.0081, 0.0073, 0.0088, 0.0072]",0.4013,53,1.9,25,iaEnron,C50
9,"(34, 42)","[0.0027, 0.001]",0.0037,2,1.9,25,iaEnron,C51
10,"(15, 84, 113, 126, 127, 128, 141)","[0.0011, 0.0035, 0.0019, 0.0043, 0.0027, 0.0026, 0.0075]",0.0236,7,1.9,25,iaEnron,C52
11,"(81,)",[0.0018],0.0018,1,1.9,25,iaEnron,C53
12,"(22, 134)","[0.0112, 0.0057]",0.0169,2,1.9,25,iaEnron,C54
13,"(2, 3, 4, 18, 19, 20, 27, 28, 29, 31, 48, 54, 65, 67, 69, 71, 132, 136)","[0.0103, 0.0095, 0.0087, 0.008, 0.0125, 0.0133, 0.0079, 0.008, 0.0087, 0.0141, 0.0156, 0.0056, 0.0118, 0.0126, 0.0125, 0.0087, 0.0148, 0.0133]",0.1959,18,1.9,25,iaEnron,C55
14,"(85, 86, 92, 98, 129, 135)","[0.0075, 0.0051, 0.0011, 0.0011, 0.0051, 0.0018]",0.0217,6,1.9,25,iaEnron,C56
15,"(7, 10, 17, 21, 24, 25, 32, 36, 37, 39, 40, 41, 55, 58, 59, 60, 70, 76, 79, 83, 89, 96, 104, 115)","[0.0042, 0.0065, 0.0226, 0.005, 0.0065, 0.0034, 0.0135, 0.0049, 0.0112, 0.0073, 0.0042, 0.0065, 0.0034, 0.0073, 0.0026, 0.0112, 0.0057, 0.005, 0.0034, 0.0042, 0.0018, 0.0018, 0.0073, 0.0081]",0.1576,24,1.9,25,iaEnron,C57
16,"(82, 87, 91, 106)","[0.0058, 0.0026, 0.0143, 0.0034]",0.0261,4,1.9,25,iaEnron,C58
,,,,,,,,
1,"(126, 128)","[0.0043, 0.0026]",0.0069,2,2,25,iaEnron,C59
2,"(112,)",[0.0073],0.0073,1,2,25,iaEnron,C60
3,"(85, 86, 92, 98, 129, 135)","[0.0075, 0.0051, 0.0011, 0.0011, 0.0051, 0.0018]",0.0217,6,2,25,iaEnron,C61
4,"(22, 134)","[0.0112, 0.0057]",0.0169,2,2,25,iaEnron,C62
5,"(130, 133)","[0.0075, 0.0019]",0.0094,2,2,25,iaEnron,C63
6,"(7, 10, 17, 21, 24, 25, 32, 36, 37, 39, 40, 41, 55, 58, 59, 60, 70, 76, 79, 83, 89, 96, 104, 115)","[0.0042, 0.0065, 0.0226, 0.005, 0.0065, 0.0034, 0.0135, 0.0049, 0.0112, 0.0073, 0.0042, 0.0065, 0.0034, 0.0073, 0.0026, 0.0112, 0.0057, 0.005, 0.0034, 0.0042, 0.0018, 0.0018, 0.0073, 0.0081]",0.1576,24,2,25,iaEnron,C64
7,"(72, 140)","[0.0135, 0.0018]",0.0153,2,2,25,iaEnron,C65
8,"(8, 46, 62, 80, 88, 93, 95, 108)","[0.0018, 0.0026, 0.0018, 0.001, 0.0018, 0.0018, 0.0178, 0.0034]",0.032,8,2,25,iaEnron,C66
9,"(81,)",[0.0018],0.0018,1,2,25,iaEnron,C67
10,"(1, 5, 6, 9, 13, 14, 16, 26, 30, 35, 38, 43, 44, 45, 49, 50, 51, 52, 53, 56, 57, 61, 63, 64, 68, 73, 77, 78, 90, 94, 99, 101, 103, 105, 107, 109, 114, 117, 118, 119, 122, 123, 125, 139, 142, 143)","[0.0018, 0.0018, 0.0073, 0.0096, 0.0088, 0.0072, 0.008, 0.0088, 0.0034, 0.008, 0.0026, 0.0149, 0.0034, 0.0034, 0.0081, 0.0127, 0.0088, 0.0018, 0.0111, 0.0112, 0.0057, 0.005, 0.001, 0.0104, 0.0088, 0.0065, 0.0096, 0.0057, 0.0073, 0.0042, 0.0073, 0.0096, 0.0042, 0.0308, 0.0072, 0.0073, 0.0026, 0.0057, 0.0119, 0.0065, 0.0112, 0.0103, 0.008, 0.0073, 0.0088, 0.0072]",0.3528,46,2,25,iaEnron,C68
11,"(23, 34, 42)","[0.0042, 0.0027, 0.001]",0.0079,3,2,25,iaEnron,C69
12,"(110, 124, 138)","[0.0042, 0.0135, 0.0018]",0.0195,3,2,25,iaEnron,C70
13,"(100,)",[0.0089],0.0089,1,2,25,iaEnron,C71
14,"(33, 111, 116, 120)","[0.0026, 0.0058, 0.0034, 0.0058]",0.0176,4,2,25,iaEnron,C72
15,"(82, 87, 91, 106)","[0.0058, 0.0026, 0.0143, 0.0034]",0.0261,4,2,25,iaEnron,C73
16,"(47, 66, 75, 131, 137)","[0.0127, 0.0088, 0.0119, 0.0034, 0.0081]",0.0449,5,2,25,iaEnron,C74
17,"(11, 12, 74, 97, 102, 121)","[0.0065, 0.0049, 0.0142, 0.0018, 0.0073, 0.0096]",0.0443,6,2,25,iaEnron,C75
18,"(15, 84, 113, 127, 141)","[0.0011, 0.0035, 0.0019, 0.0027, 0.0075]",0.0167,5,2,25,iaEnron,C76
19,"(2, 3, 4, 18, 19, 20, 27, 28, 29, 31, 48, 54, 65, 67, 69, 71, 132, 136)","[0.0103, 0.0095, 0.0087, 0.008, 0.0125, 0.0133, 0.0079, 0.008, 0.0087, 0.0141, 0.0156, 0.0056, 0.0118, 0.0126, 0.0125, 0.0087, 0.0148, 0.0133]",0.1959,18,2,25,iaEnron,C77
