,,,C1,C2,C3,C4,C5,C6,C7,C8,C9,C10,C11,C12,C13,C14,C15,C16,C17,C18,C19,C20,C21,C22,C23,C24,C25,C26,C27,C28,C29,C30,C31,C32,C33,C34,C35,C36,C37,C38,C39,C40,C41,C42,C43,C44,C45,C46,C47,C48,C49,C50,C51,C52,C53,,,
,,,"[1.1, 1.2, 1.3]",[1.3],"[1.4, 1.5, 1.6]",[1.4],[1.4],"[1.5, 1.6, 1.7, 1.8, 1.9]",[1.5],"[1.5, 1.6, 1.7, 1.8]",[1.5],[1.5],[1.6],[1.6],[1.6],"[1.6, 1.7]",[1.7],[1.7],"[1.7, 1.8]",[1.7],[1.7],[1.7],[1.8],[1.8],"[1.8, 1.9]",[1.8],[1.8],[1.8],[1.8],"[1.8, 1.9, 2.0]",[1.8],[1.8],[1.9],"[1.9, 2.0]","[1.9, 2.0]",[1.9],"[1.9, 2.0]",[1.9],[1.9],[1.9],"[1.9, 2.0]","[1.9, 2.0]","[1.9, 2.0]","[1.9, 2.0]","[1.9, 2.0]",[2.0],[2.0],[2.0],[2.0],[2.0],[2.0],[2.0],[2.0],[2.0],[2.0],,,
,,,"(1, 2, 3, 4, 5, 6, 7, 8, 9, 10, 11, 12, 13, 14, 15, 16, 17, 18, 19, 20, 21, 22, 23, 24, 25, 26, 27, 28, 29, 30, 31, 32, 33, 34, 35, 36, 37, 38, 39, 40, 41, 42, 43, 44, 45, 46, 47, 48, 49, 50, 51, 52, 53, 54, 55, 56, 57, 58, 59, 60, 61, 62, 63, 64, 65, 66, 67, 68, 69, 70, 71, 72, 73, 74, 75, 76, 77, 78, 79, 80, 81, 82, 83, 84, 85, 86, 87, 88, 89, 90, 91, 92, 93, 94, 95, 96, 97, 98, 99, 100, 101, 102, 103, 104, 105, 106, 107, 108, 109, 110, 111, 112, 113, 114, 115, 116, 117, 118, 119, 120, 121, 122, 123, 124, 125, 126, 127, 128, 129, 130, 131, 132, 133, 134, 135, 136, 137, 138, 139, 140, 141, 142, 143)","(15, 84, 85, 86, 92, 96, 98, 113, 126, 127, 128, 129, 130, 133, 134, 141)","(33, 81, 120)","(15, 84, 85, 86, 92, 96, 98, 113, 126, 127, 128, 129, 130, 133, 134, 135, 140, 141)","(1, 2, 3, 4, 5, 6, 7, 8, 9, 10, 11, 12, 13, 14, 16, 17, 18, 19, 20, 21, 22, 23, 24, 25, 26, 27, 28, 29, 30, 31, 32, 34, 35, 36, 37, 38, 39, 40, 41, 42, 43, 44, 45, 46, 47, 48, 49, 50, 51, 52, 53, 54, 55, 56, 57, 58, 59, 60, 61, 62, 63, 64, 65, 66, 67, 68, 69, 70, 71, 72, 73, 74, 75, 76, 77, 78, 79, 80, 82, 83, 87, 88, 89, 90, 91, 93, 94, 95, 97, 99, 100, 101, 102, 103, 104, 105, 106, 107, 108, 109, 110, 111, 112, 114, 115, 116, 117, 118, 119, 121, 122, 123, 124, 125, 131, 132, 136, 137, 138, 139, 140, 142, 143)","(34, 42)","(15, 84, 85, 86, 92, 96, 98, 113, 126, 127, 128, 129, 130, 133, 141)","(2, 3, 4, 18, 19, 20, 27, 28, 29, 31, 54, 65, 67, 69, 71, 132, 136)","(46, 95, 112)","(1, 5, 6, 7, 8, 9, 10, 11, 12, 13, 14, 16, 17, 21, 22, 23, 24, 25, 26, 30, 32, 35, 36, 37, 38, 39, 40, 41, 43, 44, 45, 47, 48, 49, 50, 51, 52, 53, 55, 56, 57, 58, 59, 60, 61, 62, 63, 64, 65, 66, 68, 70, 72, 73, 74, 75, 76, 77, 78, 79, 80, 82, 83, 87, 88, 89, 90, 91, 93, 94, 97, 99, 100, 101, 102, 103, 104, 105, 106, 107, 108, 109, 110, 111, 114, 115, 116, 117, 118, 119, 121, 122, 123, 124, 125, 131, 134, 135, 137, 138, 139, 140, 142, 143)","(8, 46, 80, 95, 112)","(15, 84, 85, 86, 92, 98, 113, 126, 127, 128, 129, 130, 133, 141)","(1, 5, 6, 9, 11, 12, 13, 14, 16, 22, 23, 26, 30, 35, 38, 43, 44, 45, 47, 49, 50, 51, 52, 53, 56, 57, 61, 62, 63, 64, 66, 68, 72, 73, 74, 75, 77, 78, 82, 87, 88, 90, 91, 93, 94, 97, 99, 100, 101, 102, 103, 105, 106, 107, 108, 109, 111, 114, 116, 117, 118, 119, 122, 123, 125, 131, 134, 135, 137, 139, 140, 142, 143)","(7, 10, 17, 21, 24, 25, 32, 36, 37, 39, 40, 41, 48, 55, 58, 59, 60, 70, 76, 79, 83, 89, 96, 104, 110, 115, 121, 124, 138)","(22, 72, 134, 140)","(23, 111, 116, 120)","(8, 46, 62, 80, 88, 95, 108, 112)","(1, 5, 6, 9, 11, 12, 13, 14, 16, 26, 30, 35, 38, 43, 44, 45, 47, 49, 50, 51, 52, 53, 56, 57, 61, 63, 64, 66, 68, 73, 74, 75, 77, 78, 82, 87, 90, 91, 93, 94, 97, 99, 100, 101, 102, 103, 105, 106, 107, 109, 114, 117, 118, 119, 122, 123, 125, 131, 137, 139, 142, 143)","(33, 81)","(15, 84, 85, 86, 92, 98, 113, 126, 127, 128, 129, 130, 133, 135, 141)","(110, 124)","(22,)","(23, 33, 111, 116, 120)","(85, 86, 92, 98, 127, 129, 133, 135)","(72, 134, 140)","(7, 10, 17, 21, 24, 25, 32, 36, 37, 39, 40, 41, 48, 55, 58, 59, 60, 70, 76, 79, 83, 89, 96, 104, 115, 138)","(15, 84, 113, 126, 128, 130, 141)","(81,)","(1, 5, 6, 9, 11, 12, 13, 14, 16, 26, 30, 35, 38, 43, 44, 45, 47, 49, 50, 51, 52, 53, 56, 57, 61, 63, 64, 66, 68, 73, 75, 77, 78, 82, 87, 90, 91, 93, 94, 97, 99, 100, 101, 103, 105, 106, 107, 109, 114, 117, 118, 119, 122, 123, 125, 131, 137, 139, 142, 143)","(74, 102, 121)","(8, 62, 80, 88, 95, 100, 108)","(110, 124, 138)","(130, 133)","(46, 112)","(72, 140)","(11, 12, 74, 102, 121)","(1, 5, 6, 9, 13, 14, 16, 26, 30, 35, 38, 43, 44, 45, 47, 49, 50, 51, 52, 53, 56, 57, 61, 63, 64, 66, 68, 73, 75, 77, 78, 90, 93, 94, 97, 99, 101, 103, 105, 107, 109, 114, 117, 118, 119, 122, 123, 125, 131, 137, 139, 142, 143)","(15, 84, 113, 126, 127, 128, 141)","(22, 134)","(2, 3, 4, 18, 19, 20, 27, 28, 29, 31, 48, 54, 65, 67, 69, 71, 132, 136)","(85, 86, 92, 98, 129, 135)","(7, 10, 17, 21, 24, 25, 32, 36, 37, 39, 40, 41, 55, 58, 59, 60, 70, 76, 79, 83, 89, 96, 104, 115)","(82, 87, 91, 106)","(126, 128)","(112,)","(8, 46, 62, 80, 88, 93, 95, 108)","(1, 5, 6, 9, 13, 14, 16, 26, 30, 35, 38, 43, 44, 45, 49, 50, 51, 52, 53, 56, 57, 61, 63, 64, 68, 73, 77, 78, 90, 94, 99, 101, 103, 105, 107, 109, 114, 117, 118, 119, 122, 123, 125, 139, 142, 143)","(23, 34, 42)","(100,)","(33, 111, 116, 120)","(47, 66, 75, 131, 137)","(11, 12, 74, 97, 102, 121)","(15, 84, 113, 127, 141)",ZeroSum_Clusters,NonZeroSum_Clusters,Z-Scores
C1,"[1.1, 1.2, 1.3]","(1, 2, 3, 4, 5, 6, 7, 8, 9, 10, 11, 12, 13, 14, 15, 16, 17, 18, 19, 20, 21, 22, 23, 24, 25, 26, 27, 28, 29, 30, 31, 32, 33, 34, 35, 36, 37, 38, 39, 40, 41, 42, 43, 44, 45, 46, 47, 48, 49, 50, 51, 52, 53, 54, 55, 56, 57, 58, 59, 60, 61, 62, 63, 64, 65, 66, 67, 68, 69, 70, 71, 72, 73, 74, 75, 76, 77, 78, 79, 80, 81, 82, 83, 84, 85, 86, 87, 88, 89, 90, 91, 92, 93, 94, 95, 96, 97, 98, 99, 100, 101, 102, 103, 104, 105, 106, 107, 108, 109, 110, 111, 112, 113, 114, 115, 116, 117, 118, 119, 120, 121, 122, 123, 124, 125, 126, 127, 128, 129, 130, 131, 132, 133, 134, 135, 136, 137, 138, 139, 140, 141, 142, 143)",0.0,0.07483235046664673,44.560774638010024,0.06482973406146325,8.094017499652317e-05,74.24024393544609,0.08821669663417572,0.115605986574561,1.505539490946629,0.0006365612647685816,0.4566517247920608,0.09561966737791527,0.0030398215464336274,0.02562116929070572,0.6239883385222047,12.352284317255313,0.295949151554016,0.004496139565182169,48.5785079081484,0.08821669663417572,81.14746594586529,141.009963721891,9.464119148858822,0.3121814503070949,1.3188269861804411,0.032767093437694544,0.29546920127511817,141.009963721891,0.0049766529828447524,28.643003915005192,0.3289404053941974,1.5100741637470378,88.85350053498749,75.8133790410016,2.4716726541231635,14.977505875219572,0.0068162756257338815,0.3709147676922269,61.16536882542164,0.09762219634055834,0.46861346276974297,0.03687675406400018,1.5324342427257982,54.05372297785383,141.009963721891,0.379888380118622,0.009232315929762315,38.93391823233036,141.009963721891,14.723278651147051,0.847997434913295,0.3322637752869763,0.7311102851326662,['C1'],"['C5', 'C10']","[-0.55, 0.51]"
C2,[1.3],"(15, 84, 85, 86, 92, 96, 98, 113, 126, 127, 128, 129, 130, 133, 134, 141)",0.07483235046664673,0.0,0.4400501714000719,0.00046725845186340565,0.06734239687061297,6.703464954938188,0.0009352719995112683,0.010690800967928241,0.3251510984640896,0.05750953208889875,0.23545018534986714,0.0014655158288796634,0.04389920831516436,0.00989227960294372,0.1496622302453572,0.29698133214186506,0.13460074016246834,0.038565271652867786,4.315323952733696,0.0009352719995112683,7.361521642779616,14.085560940309634,0.12267289656903126,0.039286861053328966,0.3194438974660079,0.008122780952142273,0.04401018300956233,14.085560940309634,0.03745916057762231,2.254890234625209,0.15559783701005886,0.3663438863498408,0.7827899162928946,6.85287857447455,0.6465155909661583,0.12709978400449568,0.03399304421468971,0.04642975797830423,5.4737322089153935,0.01185148979409925,0.08093218250719884,0.009342843253651796,0.23248468945060224,4.815601932866431,14.085560940309634,0.1936652449453971,0.029643059658494276,0.3021382420877721,14.085560940309634,0.2267341109078513,0.07604931596187713,0.05716744345493355,0.12688892003246766,['C2'],"['C4', 'C7']","[-0.47, -0.36]"
C3,"[1.4, 1.5, 1.6]","(33, 81, 120)",44.560774638010024,0.4400501714000719,0.0,0.5011348756337708,38.095336101416954,0.034988509504548036,0.40463226551503295,3.9231354687296,0.012370454794316487,31.954794296649123,0.043228853434392187,0.3744102621706116,21.93862331028669,7.751425694098796,0.045484541716905434,0.07505977268358323,0.1032529150326798,18.385098177304204,0.16750947664757038,0.40463226551503295,0.041677780439560885,1.4194540561322568,0.09562947389240367,0.14861138159572598,0.014019882462789034,0.7246489630832726,0.13448123122040942,1.4194540561322568,17.73950437367976,0.018838053483846817,0.08434701522553399,0.02394181573313861,0.055996631514605336,0.035957774240253045,0.4955786236063053,0.06015532487504804,15.479722710679493,0.10331469588133793,0.04149865142914807,4.239148015650009,0.0939420554086032,6.148935331960588,0.00953905093262452,0.1787483220427798,1.4194540561322568,0.11021854575163399,13.220899530947499,0.01140293310333046,1.4194540561322568,0.06383729557290423,0.09231735863676928,0.08681659393121374,0.03272317709096928,['C3'],"['C43', 'C48']","[-0.4, -0.45]"
C4,[1.4],"(15, 84, 85, 86, 92, 96, 98, 113, 126, 127, 128, 129, 130, 133, 134, 135, 140, 141)",0.06482973406146325,0.00046725845186340565,0.5011348756337708,0.0,0.05813641883858073,7.759761698063141,0.0017491173570094386,0.008280115959872894,0.34503445790898396,0.04925985005148335,0.2414186623954414,0.002553164589305848,0.03708871803337818,0.007043658792285938,0.15898491958589314,0.3559998914930556,0.13877841927083331,0.03237341391039824,5.005525689243286,0.0017491173570094386,8.516131054911932,16.077788085937502,0.1488648050688862,0.043848974847271724,0.3367421675701529,0.005903326371173469,0.048774280392965184,16.077788085937502,0.03137151174864528,2.6633116214158346,0.16034707918201127,0.385713381795488,0.8650504218360966,7.931573095120238,0.6771068575637975,0.15170261880947233,0.028332247029874538,0.051750533869128826,6.343693188174818,0.00906215320624902,0.08791100477204733,0.007156332485296581,0.25296190348275044,5.584051869806435,16.077788085937502,0.19786621093749995,0.024480253920410297,0.3350760806498857,16.077788085937502,0.26832269337551656,0.0880740127186172,0.0625917505421604,0.13700139584463186,['C4'],"['C2', 'C7']","[-0.47, -0.36]"
C5,[1.4],"(1, 2, 3, 4, 5, 6, 7, 8, 9, 10, 11, 12, 13, 14, 16, 17, 18, 19, 20, 21, 22, 23, 24, 25, 26, 27, 28, 29, 30, 31, 32, 34, 35, 36, 37, 38, 39, 40, 41, 42, 43, 44, 45, 46, 47, 48, 49, 50, 51, 52, 53, 54, 55, 56, 57, 58, 59, 60, 61, 62, 63, 64, 65, 66, 67, 68, 69, 70, 71, 72, 73, 74, 75, 76, 77, 78, 79, 80, 82, 83, 87, 88, 89, 90, 91, 93, 94, 95, 97, 99, 100, 101, 102, 103, 104, 105, 106, 107, 108, 109, 110, 111, 112, 114, 115, 116, 117, 118, 119, 121, 122, 123, 124, 125, 131, 132, 136, 137, 138, 139, 140, 142, 143)",8.094017499652317e-05,0.06734239687061297,38.095336101416954,0.05813641883858073,0.0,63.59140120120257,0.07924402017018152,0.09625199333613324,1.3273170868982902,0.00033192248115837113,0.432787048146636,0.0860441134303319,0.0024246990002984524,0.023252873292756,0.559595496104571,10.52842542882149,0.2797706248881283,0.003776570346381482,41.59626064176858,0.07924402017018152,69.51415524116594,121.01115935305914,8.04966021495623,0.2759981932954462,1.1697740703454451,0.029813592578308973,0.264094268068459,121.01115935305914,0.004228422154967907,24.474738339137087,0.31183358025330365,1.3375606382984941,76.12278305792219,64.94024767363943,2.192401616274956,1.5546918763721218,0.005973454518763955,0.3262219837395966,52.38260872920309,0.08119300356374147,0.4157772304769414,0.03341853411072312,1.3325058519387099,46.28768100827283,121.01115935305914,0.3584153414397887,0.0082751845297667,33.2822658284371,121.01115935305914,12.552519459540289,0.7322745889935856,0.29772685043326785,0.6428206839363729,['C5'],"['C1', 'C10']","[-0.54, 0.51]"
C6,"[1.5, 1.6, 1.7, 1.8, 1.9]","(34, 42)",74.24024393544609,6.703464954938188,0.034988509504548036,7.759761698063141,63.59140120120257,0.0,6.1806055294256135,7.224578480556643,0.03875663031209775,53.47652382375968,0.15756897509230874,5.654039680870747,36.974902767402185,13.581814685395686,0.1570598888587955,0.19523165479668853,0.3509611128966806,31.12030604709422,0.038542339525140495,6.1806055294256135,0.0021756424157101197,0.6055514974433893,0.2569036050156258,0.4217089697446662,0.04160909944693731,11.992820074596384,0.37951980393353024,0.6055514974433893,30.056273822838282,0.07734319814957435,0.2961133568942955,0.03608352315213023,0.009286830784879314,0.00011686170572329597,0.046587689344633136,0.20596627750915603,26.332057135282863,0.3282792437460248,0.008980100234759533,7.751615684650793,0.2815424302372824,10.932239054183269,0.08409647985014075,0.02270210741063446,0.6055514974433893,2.7107786249086923,22.60871506574171,0.06499609254711737,0.6055514974433893,0.18462041726783732,0.2511704397967027,0.2749193855374049,0.16049956572859625,['C6'],"['C34', 'C21']","[-0.09, -0.49]"
C7,[1.5],"(15, 84, 85, 86, 92, 96, 98, 113, 126, 127, 128, 129, 130, 133, 141)",0.08821669663417572,0.0009352719995112683,0.40463226551503295,0.0017491173570094386,0.07924402017018152,6.1806055294256135,0.0,0.015292407794737265,0.3056514965632604,0.0678831368908932,0.2213794300740937,0.00025367812109276393,0.0519725106041327,0.01324820973525893,0.134347377858331,0.26597703895880936,0.12447181921221173,0.045725797973273134,3.974742654109297,0.0,6.789688677460901,13.093463097700935,0.10693720957852,0.031183345881988917,0.3007749657754073,0.010057615454517114,0.035423256573684364,13.093463097700935,0.04432341784629281,0.5629054166406154,0.14345482658394626,0.34701306903462464,0.734419406568683,6.318862625078197,0.6207873514157589,0.11180854914100444,0.04029809687369028,0.03843119823310361,5.043669292248968,0.01635645952881715,0.06916502710196387,0.01147907199606452,0.2148964692848445,4.436075433532862,13.093463097700935,0.18403818053914656,0.0351568602652861,0.2779660030912815,13.093463097700935,0.20222619506144704,0.06508339422905872,0.047414921188845056,0.1144451404463923,"['C20', 'C7']","['C12', 'C2']","[-0.36, -0.46]"
C8,"[1.5, 1.6, 1.7, 1.8]","(2, 3, 4, 18, 19, 20, 27, 28, 29, 31, 54, 65, 67, 69, 71, 132, 136)",0.115605986574561,0.010690800967928241,3.9231354687296,0.008280115959872894,0.09625199333613324,7.224578480556643,0.015292407794737265,0.0,0.3725523779965983,0.07689318613185586,0.2850519025302035,0.017559243763714972,0.04698964110394205,0.007596774247129494,0.1965676506351744,0.9212892326499534,0.17482489985969638,0.03662260732098551,4.645971602633922,0.015292407794737265,7.933554020060639,15.062363245579796,0.1484622539425812,0.0718342088791723,0.3675641012964551,0.008166121572613753,0.07923006797448116,15.062363245579796,0.03488243287896834,2.4534434086068697,0.20062487183665045,0.41348652138244896,8.730085381138279,7.385599473469881,0.7015267312735711,0.1530256471519513,0.028630440105983194,0.07661783228078553,5.898097051591479,0.0002656269234034271,0.12198892907946644,0.008370950392326165,0.2713056577078057,5.187098642476585,15.062363245579796,0.2301777171202806,0.02242740751312594,0.348843442065505,15.062363245579796,0.2619624987757975,0.10986330983938243,0.09429471315488447,0.1651334839944316,['C8'],"['C40', 'C14']","[-0.52, 0.38]"
C9,[1.5],"(46, 95, 112)",1.505539490946629,0.3251510984640896,0.012370454794316487,0.34503445790898396,1.3273170868982902,0.03875663031209775,0.3056514965632604,0.3725523779965983,0.0,1.1507915541969185,0.009084267157772458,0.2954487336812479,0.8651393247795416,0.4336622090217064,0.06534333476859276,0.1263684695758231,0.04438203656447439,0.7623823495845955,0.2092125188047792,0.3056514965632604,0.035686906205695666,1.4911962882352174,0.15605468211143947,0.14405615696149354,0.00012872763697093496,0.3912692877966209,0.1512198497648686,1.4911962882352174,0.7416693569557767,0.05647943152909441,0.03476256198441962,0.004792084274779119,0.039602218683841665,0.03746413020374867,0.4409795568197802,0.1065971151512844,0.6730464007744758,0.11817515033837435,0.06509354051569337,0.38175988603121697,0.09366830131824144,0.3625692386903173,0.01203477874361396,0.20978527501635214,1.4911962882352174,0.0419340267369573,0.6019447052051172,0.01950188584089598,1.4911962882352174,0.11512533674112675,0.14180165207171602,0.11685303894959452,0.046131444890217935,['C9'],"['C25', 'C32']","[-0.1, -0.78]"
C10,[1.5],"(1, 5, 6, 7, 8, 9, 10, 11, 12, 13, 14, 16, 17, 21, 22, 23, 24, 25, 26, 30, 32, 35, 36, 37, 38, 39, 40, 41, 43, 44, 45, 47, 48, 49, 50, 51, 52, 53, 55, 56, 57, 58, 59, 60, 61, 62, 63, 64, 65, 66, 68, 70, 72, 73, 74, 75, 76, 77, 78, 79, 80, 82, 83, 87, 88, 89, 90, 91, 93, 94, 97, 99, 100, 101, 102, 103, 104, 105, 106, 107, 108, 109, 110, 111, 114, 115, 116, 117, 118, 119, 121, 122, 123, 124, 125, 131, 134, 135, 137, 138, 139, 140, 142, 143)",0.0006365612647685816,0.05750953208889875,31.954794296649123,0.04925985005148335,0.00033192248115837113,53.47652382375968,0.0678831368908932,0.07689318613185586,1.1507915541969185,0.0,0.40233985190158,0.073984903322897,0.0011740768076260381,0.018801137269147082,0.492255563894508,8.797179181138702,0.2579280557532695,0.002192417923882973,34.96453450448116,0.0678831368908932,58.464060484775295,102.01362901605893,1.3747464790478647,0.2377085788661797,1.0207033855386654,0.02455756228048708,0.2297574280998058,102.01362901605893,0.002548354204770891,20.51637229076566,0.2886679898277801,1.1662417861339602,64.03018085676034,54.61230239703622,1.9187185238119409,1.2989474834122496,0.00398319656524376,0.2795042582942464,44.04045461151659,0.0645910679192387,0.3610536093872959,0.0275759478898419,1.1370834239323395,38.91137651647167,102.01362901605893,0.33148458157942073,0.005956622540911785,27.914775113711766,102.01362901605893,10.491763207574722,0.6186371799374683,0.2600873271994465,0.5537249444133846,['C10'],"['C5', 'C1']","[-0.54, 0.51]"
C11,[1.6],"(8, 46, 80, 95, 112)",0.4566517247920608,0.23545018534986714,0.043228853434392187,0.2414186623954414,0.432787048146636,0.15756897509230874,0.2213794300740937,0.2850519025302035,0.009084267157772458,0.40233985190158,0.0,0.2178924225198364,0.3555523370326358,0.2544025822205593,0.04774604012786,0.17654627848883214,0.014731584938337976,0.3371141333775798,0.8038609766769353,0.2213794300740937,0.1288013550119391,3.4097070679924752,0.1299676852336689,0.09510396879569848,0.00805434132803887,0.23330655472250705,0.11586067319733095,3.4097070679924752,0.33169196754558794,0.17397644445317895,0.009955769793943877,0.017090907356137962,0.11011337898550663,0.14993330787097542,0.5143982019195271,0.08554075112821735,0.3167575252164853,0.08942106383013218,0.24951499132711535,0.2872261746600036,0.057069086939265976,0.20739202822872568,0.009710292726861705,0.8749282469017139,3.4097070679924752,0.020139999328137603,0.29881636914294124,0.028262837480866287,3.4097070679924752,0.10541437391308207,0.10417065926361864,0.08985324118256058,0.028911654794134413,['C11'],"['C25', 'C9']","[-0.24, -0.46]"
C12,[1.6],"(15, 84, 85, 86, 92, 98, 113, 126, 127, 128, 129, 130, 133, 141)",0.09561966737791527,0.0014655158288796634,0.3744102621706116,0.002553164589305848,0.0860441134303319,5.654039680870747,0.00025367812109276393,0.017559243763714972,0.2954487336812479,0.073984903322897,0.2178924225198364,0.0,0.0570431429388695,0.015613682513488806,0.12928890596693796,0.23720788580117325,0.12211348706666357,0.05035395875601305,3.6311287717367016,0.00025367812109276393,0.7889146999212022,12.098773946633985,0.09436666198114893,0.028914559195182942,0.29180739441763165,0.01215792325919186,0.032955083804457636,12.098773946633985,0.048867560510112186,0.5103593988288421,0.14069184708310578,0.3370562924690391,0.6933158661401091,5.7811031484109705,0.6051220212802746,0.09998718830560842,0.044524959432411464,0.035810249295635393,4.610225210466265,0.01868076906746733,0.06550970313352879,0.01345824995496515,0.2046709953332423,4.0533596657467,12.098773946633985,0.18174757021621207,0.03906414556280232,0.2614662954499248,12.098773946633985,0.18189653486376164,0.05917469103797645,0.04454448171507961,0.10930258768677503,['C12'],"['C20', 'C7']","[-0.44, -0.33]"
C13,[1.6],"(1, 5, 6, 9, 11, 12, 13, 14, 16, 22, 23, 26, 30, 35, 38, 43, 44, 45, 47, 49, 50, 51, 52, 53, 56, 57, 61, 62, 63, 64, 66, 68, 72, 73, 74, 75, 77, 78, 82, 87, 88, 90, 91, 93, 94, 97, 99, 100, 101, 102, 103, 105, 106, 107, 108, 109, 111, 114, 116, 117, 118, 119, 122, 123, 125, 131, 134, 135, 137, 139, 140, 142, 143)",0.0030398215464336274,0.04389920831516436,21.93862331028669,0.03708871803337818,0.0024246990002984524,36.974902767402185,0.0519725106041327,0.04698964110394205,0.8651393247795416,0.0011740768076260381,0.3555523370326358,0.0570431429388695,0.0,0.013078823854172044,0.3882223537292556,5.9743187402802045,0.22466260618186665,0.0002462753345325875,24.145894308136484,0.0519725106041327,40.436571597900844,71.01916675761213,0.933507910896337,0.1779426120281654,0.7801937138491759,0.01774322034268252,0.1785001587874335,71.01916675761213,0.0004086238783510792,14.060019599612241,0.2544730862883713,0.8876092653306621,44.30177279562388,37.76304729115397,1.468993747231513,0.8841642680601653,0.0012269094854985552,0.20562408714236546,30.431144776647912,0.03920123458591142,0.2748867544368991,0.019687747182199348,0.8197277936304943,26.87791082807643,71.01916675761213,0.287245831571265,0.0026186933235466925,1.2431938639026423,71.01916675761213,7.131465137707976,0.4371870843465881,0.20169747024910886,0.41039857557344656,['C13'],"['C18', 'C29']","[-0.52, 0.52]"
C14,"[1.6, 1.7]","(7, 10, 17, 21, 24, 25, 32, 36, 37, 39, 40, 41, 48, 55, 58, 59, 60, 70, 76, 79, 83, 89, 96, 104, 110, 115, 121, 124, 138)",0.02562116929070572,0.00989227960294372,7.751425694098796,0.007043658792285938,0.023252873292756,13.581814685395686,0.01324820973525893,0.007596774247129494,0.4336622090217064,0.018801137269147082,0.2544025822205593,0.015613682513488806,0.013078823854172044,0.0,0.18546338294900291,1.99251644132978,0.14181615983531606,0.010967441991648013,8.815530698774271,0.01324820973525893,14.87855338418256,27.049898485752944,0.29986009424459803,0.06140438618452839,0.4106512574498556,0.0009574697230001306,0.07699890198394027,27.049898485752944,0.010416299566242513,4.922526465360477,0.17284541052971805,0.4679827065627414,16.330418488071235,13.876732663850616,0.8098356786231691,0.2798584777285636,0.008690756755176991,0.07092357657062986,11.14161123426255,0.006346296734495669,0.12633035616897845,0.0014995003935492509,0.3520568104513029,9.824079109483213,27.049898485752944,0.20205684817879416,0.006660846481114972,0.5051206492670176,27.049898485752944,0.5016390963141327,0.15751029837334035,0.0907089301255331,0.17452409164878,['C14'],"['C26', 'C42']","[-0.51, 0.46]"
C15,[1.7],"(22, 72, 134, 140)",0.6239883385222047,0.1496622302453572,0.045484541716905434,0.15898491958589314,0.559595496104571,0.1570598888587955,0.134347377858331,0.1965676506351744,0.06534333476859276,0.492255563894508,0.04774604012786,0.12928890596693796,0.3882223537292556,0.18546338294900291,0.0,0.03224827560986589,0.0352072821607534,0.34895914702290703,0.21181954323387564,0.134347377858331,0.3266269039839201,2.3312179314069668,0.034859799170757065,0.025482289712528482,0.06505998996952274,0.18072677689903927,0.03796741894888673,2.3312179314069668,0.3400582440546032,0.03823531720145426,0.023471228517146104,0.19602295915513884,0.3679057893792939,0.15852291549719522,0.507516583860276,0.03509064553209251,0.3133122978802583,0.026820911445945284,0.16424394242272727,0.2029189425247568,0.02229669586381514,0.1414164150924175,0.036420794306843814,0.1853302127404207,2.3312179314069668,0.08690650196751669,0.2836181367171133,0.020208089657207905,2.3312179314069668,0.01707530525841232,0.026224999389895063,0.03856240489190398,0.02368648003914297,['C15'],"['C50', 'C48']","[-0.3, -0.47]"
C16,[1.7],"(23, 111, 116, 120)",12.352284317255313,0.29698133214186506,0.07505977268358323,0.3559998914930556,10.52842542882149,0.19523165479668853,0.26597703895880936,0.9212892326499534,0.1263684695758231,8.797179181138702,0.17654627848883214,0.23720788580117325,5.9743187402802045,1.99251644132978,0.03224827560986589,0.0,0.15184061805555552,4.973402849263569,0.3591705406336089,0.26597703895880936,0.22034534197548594,2.26171875,0.007065627732537484,0.0775255724304883,0.12818983843537413,1.726578100056689,0.048918981538881176,2.26171875,4.791835142024065,0.027494365774581874,0.2603862244518984,0.16698995315581855,0.2567013967481515,0.20027731545250496,1.1173271698385236,0.013441155445021143,4.156281143679458,0.05433635644091735,0.17101012051690542,1.0081482297878912,0.047468655505473085,1.5479289955651756,0.08063013562264211,0.17356762628649444,2.26171875,0.3806944444444445,3.5215706623494083,0.06531926807936762,2.26171875,0.0030238464187327873,0.012545311005022841,0.034501696284298125,0.04980556679181557,['C16'],"['C50', 'C23']","[-0.43, -0.52]"
C17,"[1.7, 1.8]","(8, 46, 62, 80, 88, 95, 108, 112)",0.295949151554016,0.13460074016246834,0.1032529150326798,0.13877841927083331,0.2797706248881283,0.3509611128966806,0.12447181921221173,0.17482489985969638,0.04438203656447439,0.2579280557532695,0.014731584938337976,0.12211348706666357,0.22466260618186665,0.14181615983531606,0.0352072821607534,0.15184061805555552,0.0,0.21148539185379453,1.7233032580348944,0.12447181921221173,0.2863446943087874,6.283854222222222,0.09033381148238546,0.04895388632993905,0.042227011337868485,0.12643374149659858,0.0582443895170711,6.283854222222222,0.2074987621255716,0.7979396431752728,0.0034220710994349595,0.05852562261669957,0.2366280263568232,0.3344359995918785,0.19803184621299505,0.055735929257977684,0.1967001421410539,0.035438872227010094,2.1639261151298004,0.17669494764989574,0.03990419850826212,0.11515662902362273,0.02192136744909796,1.911151008611636,6.283854222222222,0.014958388888888903,0.18337032816573326,0.057962645017714386,6.283854222222222,0.09601631680440764,0.054552074060479176,0.039947063459629784,0.010387837626144921,['C17'],"['C31', 'C53']","[-0.34, -0.36]"
C18,[1.7],"(1, 5, 6, 9, 11, 12, 13, 14, 16, 26, 30, 35, 38, 43, 44, 45, 47, 49, 50, 51, 52, 53, 56, 57, 61, 63, 64, 66, 68, 73, 74, 75, 77, 78, 82, 87, 90, 91, 93, 94, 97, 99, 100, 101, 102, 103, 105, 106, 107, 109, 114, 117, 118, 119, 122, 123, 125, 131, 137, 139, 142, 143)",0.004496139565182169,0.038565271652867786,18.385098177304204,0.03237341391039824,0.003776570346381482,31.12030604709422,0.045725797973273134,0.03662260732098551,0.7623823495845955,0.002192417923882973,0.3371141333775798,0.05035395875601305,0.0002462753345325875,0.010967441991648013,0.34895914702290703,4.973402849263569,0.21148539185379453,0.0,20.30782580231035,0.045725797973273134,34.040541084642115,60.02192682180546,0.7761332305851331,0.15556344999454236,0.6933124195228335,0.015131174155121106,0.15865804478811096,60.02192682180546,6.600899828879479e-05,11.769760645836643,0.24053616504264574,0.7876452295699288,37.302193706444285,31.785097290083307,1.3090739057029828,0.7363953439457995,0.0005193589146183703,0.17846848091070508,25.60284557923209,0.030443646288479707,0.2427716905406556,0.016702796183643873,0.7062114167929449,22.608778323590826,60.02192682180546,0.27087363286686683,0.0015872389974371465,1.062754992034724,60.02192682180546,5.939812153264698,0.37137767953928413,0.17968384983636682,0.3583500135248693,['C18'],"['C29', 'C13']","[-0.52, 0.51]"
C19,[1.7],"(33, 81)",48.5785079081484,4.315323952733696,0.16750947664757038,5.005525689243286,41.59626064176858,0.038542339525140495,3.974742654109297,4.645971602633922,0.2092125188047792,34.96453450448116,0.8038609766769353,3.6311287717367016,24.145894308136484,8.815530698774271,0.21181954323387564,0.3591705406336089,1.7233032580348944,20.30782580231035,0.0,3.974742654109297,0.05903238596299629,0.5165289256198345,0.6428384857829121,1.6254322118457265,0.20933884297520666,7.775761109124641,1.2866140212243078,0.5165289256198345,19.610400593628004,0.12809637518359235,1.4045437796308675,0.2516519145190474,0.08566757330080924,0.04290378532802777,0.16987903571734966,0.6530008293059568,17.169363970414498,1.2875951742754648,0.010314157229372192,4.9910502802547985,0.9917842404632412,7.081213356246284,0.4457446345170195,0.0020839083392786765,0.5165289256198345,1.7820532024793392,14.729155153187751,0.0878551063945305,0.5165289256198345,0.18956611570247933,0.6367057018484388,0.9584564920033914,0.6952221898559491,['C19'],"['C44', 'C39']","[-0.12, -0.51]"
C20,[1.7],"(15, 84, 85, 86, 92, 98, 113, 126, 127, 128, 129, 130, 133, 135, 141)",0.08821669663417572,0.0009352719995112683,0.40463226551503295,0.0017491173570094386,0.07924402017018152,6.1806055294256135,0.0,0.015292407794737265,0.3056514965632604,0.0678831368908932,0.2213794300740937,0.00025367812109276393,0.0519725106041327,0.01324820973525893,0.134347377858331,0.26597703895880936,0.12447181921221173,0.045725797973273134,3.974742654109297,0.0,6.789688677460901,13.093463097700935,0.10693720957852,0.031183345881988917,0.3007749657754073,0.010057615454517114,0.035423256573684364,13.093463097700935,0.04432341784629281,0.5629054166406154,0.14345482658394626,0.34701306903462464,0.734419406568683,6.318862625078197,0.6207873514157589,0.11180854914100444,0.04029809687369028,0.03843119823310361,5.043669292248968,0.01635645952881715,0.06916502710196387,0.01147907199606452,0.2148964692848445,4.436075433532862,13.093463097700935,0.18403818053914656,0.0351568602652861,0.2779660030912815,13.093463097700935,0.20222619506144704,0.06508339422905872,0.047414921188845056,0.1144451404463923,"['C20', 'C7']","['C12', 'C2']","[-0.36, -0.46]"
C21,[1.8],"(110, 124)",81.14746594586529,7.361521642779616,0.041677780439560885,8.516131054911932,69.51415524116594,0.0021756424157101197,6.789688677460901,7.933554020060639,0.035686906205695666,58.464060484775295,0.1288013550119391,0.7889146999212022,40.436571597900844,14.87855338418256,0.3266269039839201,0.22034534197548594,0.2863446943087874,34.040541084642115,0.05903238596299629,6.789688677460901,0.0,0.6380350474001724,0.2700300918127555,0.3820924240076479,0.03850535560389051,13.142070166184938,0.3594255416415613,0.6380350474001724,32.87807454413269,0.09881318992718673,0.24652162458843546,0.026455840581754875,0.0024725181477305053,0.0012840413630851733,0.028627974501222155,0.21011336479097095,28.80932456121292,0.30109882217753514,0.019995988567427226,8.509488830699016,0.2674313895410201,11.983191145236594,0.07678089380480807,0.03893359100481318,0.6380350474001724,2.9767641302786547,24.741460318288983,0.2428376609516785,0.6380350474001724,0.20611106692529213,0.2620810899983779,0.2641171599666013,0.14947696221227644,['C21'],"['C34', 'C6']","[-0.08, -0.49]"
C22,[1.8],"(22,)",141.009963721891,14.085560940309634,1.4194540561322568,16.077788085937502,121.01115935305914,0.6055514974433893,13.093463097700935,15.062363245579796,1.4911962882352174,102.01362901605893,3.4097070679924752,12.098773946633985,71.01916675761213,27.049898485752944,2.3312179314069668,2.26171875,6.283854222222222,60.02192682180546,0.5165289256198345,13.093463097700935,0.6380350474001724,0.0,3.2172376062620995,6.180471020254738,1.4942857142857144,24.05714481632653,5.191951001785361,0.0,58.02281150190669,1.358856918352788,5.314002627134546,1.5342011834319529,0.6774558623811681,0.612692582389552,0.7923875432525951,3.2288442906574395,51.02589584100861,5.190067509336398,0.5529568292426734,16.059167763031898,4.2419461020620535,22.060531223427557,2.3764624711909694,0.5303507666456627,0.0,6.3409375,44.02977733043329,1.4154782887357795,0.0,2.2763429752066107,3.2269383584406817,4.212276240898043,3.2890386890888883,"['C28', 'C22']","['C19', 'C44']","[3.36, -0.53]"
C23,"[1.8, 1.9]","(23, 33, 111, 116, 120)",9.464119148858822,0.12267289656903126,0.09562947389240367,0.1488648050688862,8.04966021495623,0.2569036050156258,0.10693720957852,0.1484622539425812,0.15605468211143947,1.3747464790478647,0.1299676852336689,0.09436666198114893,0.933507910896337,0.29986009424459803,0.034859799170757065,0.007065627732537484,0.09033381148238546,0.7761332305851331,0.6428384857829121,0.10693720957852,0.2700300918127555,3.2172376062620995,0.0,0.025200583352415182,0.1542737418172386,0.2544576928280276,0.012776298655377384,3.2172376062620995,0.7471203199174313,0.059425611504454724,0.08910965308711527,0.1895539843088936,0.29600316500635226,0.25897740251954915,0.7667439711394047,0.006707908792177567,0.6469713402493391,0.02026641686429784,0.2637358625293066,0.16168447214131562,0.023824537871541356,0.2266053673172364,0.08880760939602618,0.7250717094205984,3.2172376062620995,0.20510600236196447,0.5458945480186554,0.08155451619037753,3.2172376062620995,0.008940208809676697,0.002787353926540712,0.012524868988153092,0.04228684306290285,['C23'],"['C51', 'C36']","[-0.37, -0.39]"
C24,[1.8],"(85, 86, 92, 98, 127, 129, 133, 135)",0.3121814503070949,0.039286861053328966,0.14861138159572598,0.043848974847271724,0.2759981932954462,0.4217089697446662,0.031183345881988917,0.0718342088791723,0.14405615696149354,0.2377085788661797,0.09510396879569848,0.028914559195182942,0.1779426120281654,0.06140438618452839,0.025482289712528482,0.0775255724304883,0.04895388632993905,0.15556344999454236,1.6254322118457265,0.031183345881988917,0.3820924240076479,6.180471020254738,0.025200583352415182,0.0,0.14457515620569672,0.04714005528842252,0.007992803608424477,6.180471020254738,0.15068376750091034,0.179183697399923,0.04723639830310988,0.17285835798281896,0.3590267729911244,0.4109778785989053,0.3844653891944413,0.02128029308487247,0.13592927457941892,0.005049762760224454,2.070409345842437,0.07403650256577117,0.008359186397856912,0.04048456152405497,0.08228524335796955,1.815237177155348,6.180471020254738,0.09674121987451027,0.11906218006496785,0.09429397557858844,6.180471020254738,0.056810460282391374,0.013474123191395859,0.006808872607167133,0.029484907055031838,['C24'],"['C38', 'C52']","[-0.39, -0.32]"
C25,[1.8],"(72, 134, 140)",1.3188269861804411,0.3194438974660079,0.014019882462789034,0.3367421675701529,1.1697740703454451,0.04160909944693731,0.3007749657754073,0.3675641012964551,0.00012872763697093496,1.0207033855386654,0.00805434132803887,0.29180739441763165,0.7801937138491759,0.4106512574498556,0.06505998996952274,0.12818983843537413,0.042227011337868485,0.6933124195228335,0.20933884297520666,0.3007749657754073,0.03850535560389051,1.4942857142857144,0.1542737418172386,0.14457515620569672,0.0,0.3719693061224488,0.15184177499605275,1.4942857142857144,0.6754240841296468,0.05828732717226424,0.03227492235400446,0.005629754860524095,0.0423844014744875,0.04030871485416945,0.4316065249629265,0.11019363039333377,0.6167869754339856,0.1205206397411018,0.06801512552081516,0.3754347047243439,0.09346025611076893,0.3460678441672217,0.013617839085253136,0.20885948330182735,1.4942857142857144,0.041243622448979576,0.5555871781819302,0.018986426167967585,1.4942857142857144,0.11150995108787312,0.14440165556354032,0.11950893081373815,0.04831768212322756,['C25'],"['C9', 'C32']","[-0.09, -0.77]"
C26,[1.8],"(7, 10, 17, 21, 24, 25, 32, 36, 37, 39, 40, 41, 48, 55, 58, 59, 60, 70, 76, 79, 83, 89, 96, 104, 115, 138)",0.032767093437694544,0.008122780952142273,0.7246489630832726,0.005903326371173469,0.029813592578308973,11.992820074596384,0.010057615454517114,0.008166121572613753,0.3912692877966209,0.02455756228048708,0.23330655472250705,0.01215792325919186,0.01774322034268252,0.0009574697230001306,0.18072677689903927,1.726578100056689,0.12643374149659858,0.015131174155121106,7.775761109124641,0.010057615454517114,13.142070166184938,24.05714481632653,0.2544576928280276,0.04714005528842252,0.3719693061224488,0.0,0.06418308821136072,24.05714481632653,0.014378996101494087,4.305371542092984,0.1553597159324603,0.41730333631203975,14.429517835792355,12.254136843379168,0.7489055676858978,0.2337814086575808,0.012324259017441571,0.06541007261577425,9.832160096903943,0.007217103359097561,0.10749152150183693,0.0006106094231245534,0.30064759997950824,8.666918033237742,24.05714481632653,0.1856747270408164,0.009716717540530951,0.4450018905133595,24.05714481632653,0.4317572720526227,0.10663913650088194,0.06377594714253579,0.14898699316605704,['C26'],"['C42', 'C14']","[-0.5, -0.4]"
C27,[1.8],"(15, 84, 113, 126, 128, 130, 141)",0.29546920127511817,0.04401018300956233,0.13448123122040942,0.048774280392965184,0.264094268068459,0.37951980393353024,0.035423256573684364,0.07923006797448116,0.1512198497648686,0.2297574280998058,0.11586067319733095,0.032955083804457636,0.1785001587874335,0.07699890198394027,0.03796741894888673,0.048918981538881176,0.0582443895170711,0.15865804478811096,1.2866140212243078,0.035423256573684364,0.3594255416415613,5.191951001785361,0.012776298655377384,0.007992803608424477,0.15184177499605275,0.06418308821136072,0.0,5.191951001785361,0.15431511055564634,0.1454980925827472,0.06148131558785979,0.19371281526981707,0.3547756181116564,0.3735069223510972,0.7751665580990207,0.016427984094439442,0.14078141449170858,0.01027107736668482,0.4672448995510025,0.08172558496149393,0.018182809160007817,0.061217348471232835,0.08814679340801332,1.4368294300951898,5.191951001785361,0.12140454522912125,0.12543424194485345,0.09075852405404664,5.191951001785361,0.03248360858317173,0.007304763933449105,0.007219890927990648,0.0387940450570018,['C27'],"['C52', 'C51']","[-0.38, -0.31]"
C28,"[1.8, 1.9, 2.0]","(81,)",141.009963721891,14.085560940309634,1.4194540561322568,16.077788085937502,121.01115935305914,0.6055514974433893,13.093463097700935,15.062363245579796,1.4911962882352174,102.01362901605893,3.4097070679924752,12.098773946633985,71.01916675761213,27.049898485752944,2.3312179314069668,2.26171875,6.283854222222222,60.02192682180546,0.5165289256198345,13.093463097700935,0.6380350474001724,0.0,3.2172376062620995,6.180471020254738,1.4942857142857144,24.05714481632653,5.191951001785361,0.0,58.02281150190669,1.358856918352788,5.314002627134546,1.5342011834319529,0.6774558623811681,0.612692582389552,0.7923875432525951,3.2288442906574395,51.02589584100861,5.190067509336398,0.5529568292426734,16.059167763031898,4.2419461020620535,22.060531223427557,2.3764624711909694,0.5303507666456627,0.0,6.3409375,44.02977733043329,1.4154782887357795,0.0,2.2763429752066107,3.2269383584406817,4.212276240898043,3.2890386890888883,"['C28', 'C22']","['C19', 'C44']","[3.36, -0.53]"
C29,[1.8],"(1, 5, 6, 9, 11, 12, 13, 14, 16, 26, 30, 35, 38, 43, 44, 45, 47, 49, 50, 51, 52, 53, 56, 57, 61, 63, 64, 66, 68, 73, 75, 77, 78, 82, 87, 90, 91, 93, 94, 97, 99, 100, 101, 103, 105, 106, 107, 109, 114, 117, 118, 119, 122, 123, 125, 131, 137, 139, 142, 143)",0.0049766529828447524,0.03745916057762231,17.73950437367976,0.03137151174864528,0.004228422154967907,30.056273822838282,0.04432341784629281,0.03488243287896834,0.7416693569557767,0.002548354204770891,0.33169196754558794,0.048867560510112186,0.0004086238783510792,0.010416299566242513,0.3400582440546032,4.791835142024065,0.2074987621255716,6.600899828879479e-05,19.610400593628004,0.04432341784629281,32.87807454413269,58.02281150190669,0.7471203199174313,0.15068376750091034,0.6754240841296468,0.014378996101494087,0.15431511055564634,58.02281150190669,0.0,11.353793390668152,0.23621257231792986,0.7673301924393511,36.02999979379805,30.69863909508965,1.2774555766199538,0.7089551426448424,0.0003208719498950067,0.17271211669949707,24.72539626229755,0.0289548026049902,0.23567825634943956,0.015896809601600753,0.6839590735504096,21.83298585942594,58.02281150190669,0.266113343262494,0.001213282433201744,1.0283833225139645,58.02281150190669,5.723583883980715,0.35895596035707483,0.17482197246561315,0.34760417833359003,['C29'],"['C18', 'C37']","[-0.52, 0.51]"
C30,[1.8],"(74, 102, 121)",28.643003915005192,2.254890234625209,0.018838053483846817,2.6633116214158346,24.474738339137087,0.07734319814957435,0.5629054166406154,2.4534434086068697,0.05647943152909441,20.51637229076566,0.17397644445317895,0.5103593988288421,14.060019599612241,4.922526465360477,0.03823531720145426,0.027494365774581874,0.7979396431752728,11.769760645836643,0.12809637518359235,0.5629054166406154,0.09881318992718673,1.358856918352788,0.059425611504454724,0.179183697399923,0.05828732717226424,4.305371542092984,0.1454980925827472,1.358856918352788,11.353793390668152,0.0,0.2964231551523605,0.08454956851736486,0.3568427232811794,0.08173807327135885,0.5240790503302242,0.0467728261601011,9.897798368132417,0.11873699030004535,0.05382423093956702,2.6565941955605314,0.10851437813875522,3.8926459348663967,0.06589715714889333,0.05258428925422383,1.358856918352788,0.8594971974803817,8.442682793070173,0.018423285561439757,1.358856918352788,0.025870905119359654,0.061824704903791175,0.09268294839441074,0.05835647559587739,['C30'],"['C48', 'C3']","[-0.13, -0.49]"
C31,[1.9],"(8, 62, 80, 88, 95, 100, 108)",0.3289404053941974,0.15559783701005886,0.08434701522553399,0.16034707918201127,0.31183358025330365,0.2961133568942955,0.14345482658394626,0.20062487183665045,0.03476256198441962,0.2886679898277801,0.009955769793943877,0.14069184708310578,0.2544730862883713,0.17284541052971805,0.023471228517146104,0.2603862244518984,0.0034220710994349595,0.24053616504264574,1.4045437796308675,0.14345482658394626,0.24652162458843546,5.314002627134546,0.08910965308711527,0.04723639830310988,0.03227492235400446,0.1553597159324603,0.06148131558785979,5.314002627134546,0.23621257231792986,0.2964231551523605,0.0,0.05244471192015111,0.21042603821127528,0.2832640807463534,0.5862309060367603,0.057251885322914815,0.2247581498765421,0.044980282744452635,0.4437667033511332,0.2023869118981573,0.04206103707643185,0.14666769725670406,0.018277956710263544,1.5532956270511062,5.314002627134546,0.02476607947082005,0.21061625610803672,0.0403913117719315,5.314002627134546,0.08589036346421962,0.05673018706869075,0.047296540786458265,0.0135395879925863,['C31'],"['C17', 'C11']","[-0.31, -0.37]"
C32,"[1.9, 2.0]","(110, 124, 138)",1.5100741637470378,0.3663438863498408,0.02394181573313861,0.385713381795488,1.3375606382984941,0.03608352315213023,0.34701306903462464,0.41348652138244896,0.004792084274779119,1.1662417861339602,0.017090907356137962,0.3370562924690391,0.8876092653306621,0.4679827065627414,0.19602295915513884,0.16698995315581855,0.05852562261669957,0.7876452295699288,0.2516519145190474,0.34701306903462464,0.026455840581754875,1.5342011834319529,0.1895539843088936,0.17285835798281896,0.005629754860524095,0.41730333631203975,0.19371281526981707,1.5342011834319529,0.7673301924393511,0.08454956851736486,0.05244471192015111,0.0,0.0233800670200712,0.033271137047360844,0.04631191007555127,0.1389285231670113,0.7002769426649267,0.14753015099721392,0.26099646370925395,0.4224086388561125,0.12451365857501864,0.3842825314188543,0.022396860998037837,0.25202387743612115,1.5342011834319529,0.03947300295857987,0.6305958037792531,0.042960874309893836,1.5342011834319529,0.2667571763900435,0.17853151087673347,0.14943146282492645,0.06515462290173576,['C32'],"['C9', 'C25']","[-0.07, -0.8]"
C33,"[1.9, 2.0]","(130, 133)",88.85350053498749,0.7827899162928946,0.055996631514605336,0.8650504218360966,76.12278305792219,0.009286830784879314,0.734419406568683,8.730085381138279,0.039602218683841665,64.03018085676034,0.11011337898550663,0.6933158661401091,44.30177279562388,16.330418488071235,0.3679057893792939,0.2567013967481515,0.2366280263568232,37.302193706444285,0.08566757330080924,0.734419406568683,0.0024725181477305053,0.6774558623811681,0.29600316500635226,0.3590267729911244,0.0423844014744875,14.429517835792355,0.3547756181116564,0.6774558623811681,36.02999979379805,0.3568427232811794,0.21042603821127528,0.0233800670200712,0.0,0.0073201619424372,0.014273943806478997,0.2265139841572929,31.577189948874675,0.2888947261919423,0.036531286613140285,9.360543221127006,0.26676392942518595,13.161056761546881,0.07856584835405482,0.06102895403453955,0.6774558623811681,0.1965056303757356,27.125277700492312,0.2846111800721423,0.6774558623811681,0.4416995742436088,0.2856919792327245,0.26697704930853666,0.14970599187579953,['C33'],"['C21', 'C34']","[-0.41, -0.45]"
C34,[1.9],"(46, 112)",75.8133790410016,6.85287857447455,0.035957774240253045,7.931573095120238,64.94024767363943,0.00011686170572329597,6.318862625078197,7.385599473469881,0.03746413020374867,54.61230239703622,0.14993330787097542,5.7811031484109705,37.76304729115397,13.876732663850616,0.15852291549719522,0.20027731545250496,0.3344359995918785,31.785097290083307,0.04290378532802777,6.318862625078197,0.0012840413630851733,0.612692582389552,0.25897740251954915,0.4109778785989053,0.04030871485416945,12.254136843379168,0.3735069223510972,0.612692582389552,30.69863909508965,0.08173807327135885,0.2832640807463534,0.033271137047360844,0.0073201619424372,0.0,0.04203793907054888,0.20595899083809333,26.895928453363535,0.3206240592560704,0.011145795590148092,7.923775602998219,0.27710991728451906,11.171161445040703,0.08162626517398977,0.0260765798945326,0.612692582389552,2.770874496224876,23.09409500730511,0.06709611641804916,0.612692582389552,0.1888263952657893,0.2527306904353495,0.2712537304111368,0.15697652019129918,['C34'],"['C6', 'C21']","[-0.09, -0.49]"
C35,"[1.9, 2.0]","(72, 140)",2.4716726541231635,0.6465155909661583,0.4955786236063053,0.6771068575637975,2.192401616274956,0.046587689344633136,0.6207873514157589,0.7015267312735711,0.4409795568197802,1.9187185238119409,0.5143982019195271,0.6051220212802746,1.468993747231513,0.8098356786231691,0.507516583860276,1.1173271698385236,0.19803184621299505,1.3090739057029828,0.16987903571734966,0.6207873514157589,0.028627974501222155,0.7923875432525951,0.7667439711394047,0.3844653891944413,0.4316065249629265,0.7489055676858978,0.7751665580990207,0.7923875432525951,1.2774555766199538,0.5240790503302242,0.5862309060367603,0.04631191007555127,0.014273943806478997,0.04203793907054888,0.0,0.7356955017301038,1.1714884091069404,0.33032321281419946,0.09647559421472574,0.7159236461796759,1.1363220687675204,0.7028037191681626,0.5481205867698578,0.13433251279680855,0.7923875432525951,0.1303406141868512,1.0623472211346865,0.4153030883503385,0.7923875432525951,0.6178025536904114,0.7523196363284911,0.33449264837459064,0.2007930350682097,['C35'],"['C33', 'C21']","[-0.04, -0.33]"
C36,[1.9],"(11, 12, 74, 102, 121)",14.977505875219572,0.12709978400449568,0.06015532487504804,0.15170261880947233,1.5546918763721218,0.20596627750915603,0.11180854914100444,0.1530256471519513,0.1065971151512844,1.2989474834122496,0.08554075112821735,0.09998718830560842,0.8841642680601653,0.2798584777285636,0.03509064553209251,0.013441155445021143,0.055735929257977684,0.7363953439457995,0.6530008293059568,0.11180854914100444,0.21011336479097095,3.2288442906574395,0.006707908792177567,0.02128029308487247,0.11019363039333377,0.2337814086575808,0.016427984094439442,3.2288442906574395,0.7089551426448424,0.0467728261601011,0.057251885322914815,0.1389285231670113,0.2265139841572929,0.20595899083809333,0.7356955017301038,0.0,0.6144442062265095,0.010163269115882664,0.8490017657829193,0.16542798548138138,0.017463446153389434,0.20263787051410773,0.05052439794058701,0.7347212072715961,3.2288442906574395,0.09871881487889274,0.518881800456611,0.05180004224768785,3.2288442906574395,0.012304730618547866,0.007067858059211795,0.00595223736753751,0.017565966713569508,['C36'],"['C52', 'C23']","[-0.3, -0.33]"
C37,[1.9],"(1, 5, 6, 9, 13, 14, 16, 26, 30, 35, 38, 43, 44, 45, 47, 49, 50, 51, 52, 53, 56, 57, 61, 63, 64, 66, 68, 73, 75, 77, 78, 90, 93, 94, 97, 99, 101, 103, 105, 107, 109, 114, 117, 118, 119, 122, 123, 125, 131, 137, 139, 142, 143)",0.0068162756257338815,0.03399304421468971,15.479722710679493,0.028332247029874538,0.005973454518763955,26.332057135282863,0.04029809687369028,0.028630440105983194,0.6730464007744758,0.00398319656524376,0.3167575252164853,0.044524959432411464,0.0012269094854985552,0.008690756755176991,0.3133122978802583,4.156281143679458,0.1967001421410539,0.0005193589146183703,17.169363970414498,0.04029809687369028,28.80932456121292,51.02589584100861,0.6469713402493391,0.13592927457941892,0.6167869754339856,0.012324259017441571,0.14078141449170858,51.02589584100861,0.0003208719498950067,9.897798368132417,0.2247581498765421,0.7002769426649267,31.577189948874675,26.895928453363535,1.1714884091069404,0.6144442062265095,0.0,0.15447419090320974,21.654246544609776,0.02367540711381859,0.21456140544020094,0.013483803386775664,0.6095215870970516,19.117650934581068,51.02589584100861,0.25301326601796803,0.00039846546641956126,0.9112058531375268,51.02589584100861,4.966687474038057,0.3165334818098827,0.1597383586987717,0.3128572874468578,['C37'],"['C29', 'C47']","[-0.52, 0.5]"
C38,[1.9],"(15, 84, 113, 126, 127, 128, 141)",0.3709147676922269,0.04642975797830423,0.10331469588133793,0.051750533869128826,0.3262219837395966,0.3282792437460248,0.03843119823310361,0.07661783228078553,0.11817515033837435,0.2795042582942464,0.08942106383013218,0.035810249295635393,0.20562408714236546,0.07092357657062986,0.026820911445945284,0.05433635644091735,0.035438872227010094,0.17846848091070508,1.2875951742754648,0.03843119823310361,0.30109882217753514,5.190067509336398,0.02026641686429784,0.005049762760224454,0.1205206397411018,0.06541007261577425,0.01027107736668482,5.190067509336398,0.17271211669949707,0.11873699030004535,0.044980282744452635,0.14753015099721392,0.2888947261919423,0.3206240592560704,0.33032321281419946,0.010163269115882664,0.15447419090320974,0.0,1.6439200723015412,0.07939859498641537,0.016517135378105126,0.05954052993117118,0.058375995308144316,1.438827739881896,5.190067509336398,0.07433217825337551,0.12207214971972022,0.05880774836879728,5.190067509336398,0.04112551816116297,0.01676820249108416,0.004140101825479471,0.02071758642772392,['C38'],"['C52', 'C24']","[-0.38, -0.34]"
C39,"[1.9, 2.0]","(22, 134)",61.16536882542164,5.4737322089153935,0.04149865142914807,6.343693188174818,52.38260872920309,0.008980100234759533,5.043669292248968,5.898097051591479,0.06509354051569337,44.04045461151659,0.24951499132711535,4.610225210466265,30.431144776647912,11.14161123426255,0.16424394242272727,0.17101012051690542,2.1639261151298004,25.60284557923209,0.010314157229372192,5.043669292248968,0.019995988567427226,0.5529568292426734,0.2637358625293066,2.070409345842437,0.06801512552081516,9.832160096903943,0.4672448995510025,0.5529568292426734,24.72539626229755,0.05382423093956702,0.4437667033511332,0.26099646370925395,0.036531286613140285,0.011145795590148092,0.09647559421472574,0.8490017657829193,21.654246544609776,1.6439200723015412,0.0,6.332492015919675,1.2592546777566975,8.957885039296235,0.5472155048605191,0.003125793298506907,0.5529568292426734,2.2239926276215822,18.583948849069355,0.06159393107181451,0.5529568292426734,0.1677595922718404,0.2625044803869968,1.2230374147761698,0.8770254898999269,['C39'],"['C44', 'C6']","[-0.11, -0.51]"
C40,"[1.9, 2.0]","(2, 3, 4, 18, 19, 20, 27, 28, 29, 31, 48, 54, 65, 67, 69, 71, 132, 136)",0.09762219634055834,0.01185148979409925,4.239148015650009,0.00906215320624902,0.08119300356374147,7.751615684650793,0.01635645952881715,0.0002656269234034271,0.38175988603121697,0.0645910679192387,0.2872261746600036,0.01868076906746733,0.03920123458591142,0.006346296734495669,0.2029189425247568,1.0081482297878912,0.17669494764989574,0.030443646288479707,4.9910502802547985,0.01635645952881715,8.509488830699016,16.059167763031898,0.16168447214131562,0.07403650256577117,0.3754347047243439,0.007217103359097561,0.08172558496149393,16.059167763031898,0.0289548026049902,2.6565941955605314,0.2023869118981573,0.4224086388561125,9.360543221127006,7.923775602998219,0.7159236461796759,0.16542798548138138,0.02367540711381859,0.07939859498641537,6.332492015919675,0.0,0.12482752382003795,0.007688728948249454,0.28099349682380204,5.5710482056146065,16.059167763031898,0.2320314291242876,0.01845600264242946,0.3648005644139183,16.059167763031898,0.28261029253125863,0.11608346220154125,0.09702785197084704,0.16982550413788333,['C40'],"['C8', 'C14']","[-0.52, 0.39]"
C41,"[1.9, 2.0]","(85, 86, 92, 98, 129, 135)",0.46861346276974297,0.08093218250719884,0.0939420554086032,0.08791100477204733,0.4157772304769414,0.2815424302372824,0.06916502710196387,0.12198892907946644,0.09366830131824144,0.3610536093872959,0.057069086939265976,0.06550970313352879,0.2748867544368991,0.12633035616897845,0.02229669586381514,0.047468655505473085,0.03990419850826212,0.2427716905406556,0.9917842404632412,0.06916502710196387,0.2674313895410201,4.2419461020620535,0.023824537871541356,0.008359186397856912,0.09346025611076893,0.10749152150183693,0.018182809160007817,4.2419461020620535,0.23567825634943956,0.10851437813875522,0.04206103707643185,0.12451365857501864,0.26676392942518595,0.27710991728451906,1.1363220687675204,0.017463446153389434,0.21456140544020094,0.016517135378105126,1.2592546777566975,0.12482752382003795,0.0,0.08232468268351688,0.04826762657620507,1.1043535078562503,4.2419461020620535,0.08577626276837479,0.19061199778223487,0.14740775486051566,4.2419461020620535,0.033971799971181715,0.017114428000016085,0.013656864602437724,0.01814579296970455,['C41'],"['C24', 'C52']","[-0.39, -0.37]"
C42,"[1.9, 2.0]","(7, 10, 17, 21, 24, 25, 32, 36, 37, 39, 40, 41, 55, 58, 59, 60, 70, 76, 79, 83, 89, 96, 104, 115)",0.03687675406400018,0.009342843253651796,6.148935331960588,0.007156332485296581,0.03341853411072312,10.932239054183269,0.01147907199606452,0.008370950392326165,0.3625692386903173,0.0275759478898419,0.20739202822872568,0.01345824995496515,0.019687747182199348,0.0014995003935492509,0.1414164150924175,1.5479289955651756,0.11515662902362273,0.016702796183643873,7.081213356246284,0.01147907199606452,11.983191145236594,22.060531223427557,0.2266053673172364,0.04048456152405497,0.3460678441672217,0.0006106094231245534,0.061217348471232835,22.060531223427557,0.015896809601600753,3.8926459348663967,0.14666769725670406,0.3842825314188543,13.161056761546881,11.171161445040703,0.7028037191681626,0.20263787051410773,0.013483803386775664,0.05954052993117118,8.957885039296235,0.007688728948249454,0.08232468268351688,0.0,0.2691663231515025,7.894136435829079,22.060531223427557,0.17331199753923066,0.010544668718737658,0.4062902331528288,22.060531223427557,0.38813117308565015,0.0880052475702634,0.05475017007422769,0.13192684368505248,['C42'],"['C26', 'C14']","[-0.51, 0.44]"
C43,"[1.9, 2.0]","(82, 87, 91, 106)",1.5324342427257982,0.23248468945060224,0.00953905093262452,0.25296190348275044,1.3325058519387099,0.08409647985014075,0.2148964692848445,0.2713056577078057,0.01203477874361396,1.1370834239323395,0.009710292726861705,0.2046709953332423,0.8197277936304943,0.3520568104513029,0.036420794306843814,0.08063013562264211,0.02192136744909796,0.7062114167929449,0.4457446345170195,0.2148964692848445,0.07678089380480807,2.3764624711909694,0.08880760939602618,0.08228524335796955,0.013617839085253136,0.30064759997950824,0.08814679340801332,2.3764624711909694,0.6839590735504096,0.06589715714889333,0.018277956710263544,0.022396860998037837,0.07856584835405482,0.08162626517398977,0.5481205867698578,0.05052439794058701,0.6095215870970516,0.058375995308144316,0.5472155048605191,0.28099349682380204,0.04826762657620507,0.2691663231515025,0.0,0.4862505723094919,2.3764624711909694,0.028118949186007252,0.5329605916710387,0.015296875491782875,2.3764624711909694,0.06546654009315707,0.08349646320703077,0.05872975147010515,0.012245290375239528,['C43'],"['C3', 'C11']","[-0.3, -0.64]"
C44,[2.0],"(126, 128)",54.05372297785383,4.815601932866431,0.1787483220427798,5.584051869806435,46.28768100827283,0.02270210741063446,4.436075433532862,5.187098642476585,0.20978527501635214,38.91137651647167,0.8749282469017139,4.0533596657467,26.87791082807643,9.824079109483213,0.1853302127404207,0.17356762628649444,1.911151008611636,22.608778323590826,0.0020839083392786765,4.436075433532862,0.03893359100481318,0.5303507666456627,0.7250717094205984,1.815237177155348,0.20885948330182735,8.666918033237742,1.4368294300951898,0.5303507666456627,21.83298585942594,0.05258428925422383,1.5532956270511062,0.25202387743612115,0.06102895403453955,0.0260765798945326,0.13433251279680855,0.7347212072715961,19.117650934581068,1.438827739881896,0.003125793298506907,5.5710482056146065,1.1043535078562503,7.894136435829079,0.4862505723094919,0.0,0.5303507666456627,1.970492740495694,16.403154700705088,0.07222256381893141,0.5303507666456627,0.17465979176539406,0.7133168728083007,1.0697269443420807,0.7705608369796221,['C44'],"['C19', 'C39']","[-0.11, -0.5]"
C45,[2.0],"(112,)",141.009963721891,14.085560940309634,1.4194540561322568,16.077788085937502,121.01115935305914,0.6055514974433893,13.093463097700935,15.062363245579796,1.4911962882352174,102.01362901605893,3.4097070679924752,12.098773946633985,71.01916675761213,27.049898485752944,2.3312179314069668,2.26171875,6.283854222222222,60.02192682180546,0.5165289256198345,13.093463097700935,0.6380350474001724,0.0,3.2172376062620995,6.180471020254738,1.4942857142857144,24.05714481632653,5.191951001785361,0.0,58.02281150190669,1.358856918352788,5.314002627134546,1.5342011834319529,0.6774558623811681,0.612692582389552,0.7923875432525951,3.2288442906574395,51.02589584100861,5.190067509336398,0.5529568292426734,16.059167763031898,4.2419461020620535,22.060531223427557,2.3764624711909694,0.5303507666456627,0.0,6.3409375,44.02977733043329,1.4154782887357795,0.0,2.2763429752066107,3.2269383584406817,4.212276240898043,3.2890386890888883,"['C28', 'C22']","['C19', 'C44']","[3.36, -0.53]"
C46,[2.0],"(8, 46, 62, 80, 88, 93, 95, 108)",0.379888380118622,0.1936652449453971,0.11021854575163399,0.19786621093749995,0.3584153414397887,2.7107786249086923,0.18403818053914656,0.2301777171202806,0.0419340267369573,0.33148458157942073,0.020139999328137603,0.18174757021621207,0.287245831571265,0.20205684817879416,0.08690650196751669,0.3806944444444445,0.014958388888888903,0.27087363286686683,1.7820532024793392,0.18403818053914656,2.9767641302786547,6.3409375,0.20510600236196447,0.09674121987451027,0.041243622448979576,0.1856747270408164,0.12140454522912125,6.3409375,0.266113343262494,0.8594971974803817,0.02476607947082005,0.03947300295857987,0.1965056303757356,2.770874496224876,0.1303406141868512,0.09871881487889274,0.25301326601796803,0.07433217825337551,2.2239926276215822,0.2320314291242876,0.08577626276837479,0.17331199753923066,0.028118949186007252,1.970492740495694,6.3409375,0.0,0.2372884911475928,0.0870058384073065,6.3409375,0.16180559142561982,0.18093344205416886,0.0864535918017417,0.033411235164401754,['C46'],"['C17', 'C11']","[-0.4, -0.45]"
C47,[2.0],"(1, 5, 6, 9, 13, 14, 16, 26, 30, 35, 38, 43, 44, 45, 49, 50, 51, 52, 53, 56, 57, 61, 63, 64, 68, 73, 77, 78, 90, 94, 99, 101, 103, 105, 107, 109, 114, 117, 118, 119, 122, 123, 125, 139, 142, 143)",0.009232315929762315,0.029643059658494276,13.220899530947499,0.024480253920410297,0.0082751845297667,22.60871506574171,0.0351568602652861,0.02242740751312594,0.6019447052051172,0.005956622540911785,0.29881636914294124,0.03906414556280232,0.0026186933235466925,0.006660846481114972,0.2836181367171133,3.5215706623494083,0.18337032816573326,0.0015872389974371465,14.729155153187751,0.0351568602652861,24.741460318288983,44.02977733043329,0.5458945480186554,0.11906218006496785,0.5555871781819302,0.009716717540530951,0.12543424194485345,44.02977733043329,0.001213282433201744,8.442682793070173,0.21061625610803672,0.6305958037792531,27.125277700492312,23.09409500730511,1.0623472211346865,0.518881800456611,0.00039846546641956126,0.12207214971972022,18.583948849069355,0.01845600264242946,0.19061199778223487,0.010544668718737658,0.5329605916710387,16.403154700705088,44.02977733043329,0.2372884911475928,0.0,0.7921814054532634,44.02977733043329,4.210660255228569,0.2724903649727711,0.14254388854590155,0.2757810661692979,['C47'],"['C37', 'C29']","[-0.52, 0.49]"
C48,[2.0],"(23, 34, 42)",38.93391823233036,0.3021382420877721,0.01140293310333046,0.3350760806498857,33.2822658284371,0.06499609254711737,0.2779660030912815,0.348843442065505,0.01950188584089598,27.914775113711766,0.028262837480866287,0.2614662954499248,1.2431938639026423,0.5051206492670176,0.020208089657207905,0.06531926807936762,0.057962645017714386,1.062754992034724,0.0878551063945305,0.2779660030912815,0.2428376609516785,1.4154782887357795,0.08155451619037753,0.09429397557858844,0.018986426167967585,0.4450018905133595,0.09075852405404664,1.4154782887357795,1.0283833225139645,0.018423285561439757,0.0403913117719315,0.042960874309893836,0.2846111800721423,0.06709611641804916,0.4153030883503385,0.05180004224768785,0.9112058531375268,0.05880774836879728,0.06159393107181451,0.3648005644139183,0.14740775486051566,0.4062902331528288,0.015296875491782875,0.07222256381893141,1.4154782887357795,0.0870058384073065,0.7921814054532634,0.0,1.4154782887357795,0.04587655811144905,0.07808829051213023,0.06264539017806436,0.029369915755887363,['C48'],"['C3', 'C43']","[-0.24, -0.28]"
C49,[2.0],"(100,)",141.009963721891,14.085560940309634,1.4194540561322568,16.077788085937502,121.01115935305914,0.6055514974433893,13.093463097700935,15.062363245579796,1.4911962882352174,102.01362901605893,3.4097070679924752,12.098773946633985,71.01916675761213,27.049898485752944,2.3312179314069668,2.26171875,6.283854222222222,60.02192682180546,0.5165289256198345,13.093463097700935,0.6380350474001724,0.0,3.2172376062620995,6.180471020254738,1.4942857142857144,24.05714481632653,5.191951001785361,0.0,58.02281150190669,1.358856918352788,5.314002627134546,1.5342011834319529,0.6774558623811681,0.612692582389552,0.7923875432525951,3.2288442906574395,51.02589584100861,5.190067509336398,0.5529568292426734,16.059167763031898,4.2419461020620535,22.060531223427557,2.3764624711909694,0.5303507666456627,0.0,6.3409375,44.02977733043329,1.4154782887357795,0.0,2.2763429752066107,3.2269383584406817,4.212276240898043,3.2890386890888883,"['C28', 'C22']","['C19', 'C44']","[3.36, -0.53]"
C50,[2.0],"(33, 111, 116, 120)",14.723278651147051,0.2267341109078513,0.06383729557290423,0.26832269337551656,12.552519459540289,0.18462041726783732,0.20222619506144704,0.2619624987757975,0.11512533674112675,10.491763207574722,0.10541437391308207,0.18189653486376164,7.131465137707976,0.5016390963141327,0.01707530525841232,0.0030238464187327873,0.09601631680440764,5.939812153264698,0.18956611570247933,0.20222619506144704,0.20611106692529213,2.2763429752066107,0.008940208809676697,0.056810460282391374,0.11150995108787312,0.4317572720526227,0.03248360858317173,2.2763429752066107,5.723583883980715,0.025870905119359654,0.08589036346421962,0.2667571763900435,0.4416995742436088,0.1888263952657893,0.6178025536904114,0.012304730618547866,4.966687474038057,0.04112551816116297,0.1677595922718404,0.28261029253125863,0.033971799971181715,0.38813117308565015,0.06546654009315707,0.17465979176539406,2.2763429752066107,0.16180559142561982,4.210660255228569,0.04587655811144905,2.2763429752066107,0.0,0.012602149878036236,0.026468660165621112,0.037531630891233805,['C50'],"['C16', 'C23']","[-0.4, -0.46]"
C51,[2.0],"(47, 66, 75, 131, 137)",0.847997434913295,0.07604931596187713,0.09231735863676928,0.0880740127186172,0.7322745889935856,0.2511704397967027,0.06508339422905872,0.10986330983938243,0.14180165207171602,0.6186371799374683,0.10417065926361864,0.05917469103797645,0.4371870843465881,0.15751029837334035,0.026224999389895063,0.012545311005022841,0.054552074060479176,0.37137767953928413,0.6367057018484388,0.06508339422905872,0.2620810899983779,3.2269383584406817,0.002787353926540712,0.013474123191395859,0.14440165556354032,0.10663913650088194,0.007304763933449105,3.2269383584406817,0.35895596035707483,0.061824704903791175,0.05673018706869075,0.17853151087673347,0.2856919792327245,0.2527306904353495,0.7523196363284911,0.007067858059211795,0.3165334818098827,0.01676820249108416,0.2625044803869968,0.11608346220154125,0.017114428000016085,0.0880052475702634,0.08349646320703077,0.7133168728083007,3.2269383584406817,0.18093344205416886,0.2724903649727711,0.07808829051213023,3.2269383584406817,0.012602149878036236,0.0,0.008312480954405165,0.03642834982475733,['C51'],"['C23', 'C36']","[-0.42, -0.4]"
C52,[2.0],"(11, 12, 74, 97, 102, 121)",0.3322637752869763,0.05716744345493355,0.08681659393121374,0.0625917505421604,0.29772685043326785,0.2749193855374049,0.047414921188845056,0.09429471315488447,0.11685303894959452,0.2600873271994465,0.08985324118256058,0.04454448171507961,0.20169747024910886,0.0907089301255331,0.03856240489190398,0.034501696284298125,0.039947063459629784,0.17968384983636682,0.9584564920033914,0.047414921188845056,0.2641171599666013,4.212276240898043,0.012524868988153092,0.006808872607167133,0.11950893081373815,0.06377594714253579,0.007219890927990648,4.212276240898043,0.17482197246561315,0.09268294839441074,0.047296540786458265,0.14943146282492645,0.26697704930853666,0.2712537304111368,0.33449264837459064,0.00595223736753751,0.1597383586987717,0.004140101825479471,1.2230374147761698,0.09702785197084704,0.013656864602437724,0.05475017007422769,0.05872975147010515,1.0697269443420807,4.212276240898043,0.0864535918017417,0.14254388854590155,0.06264539017806436,4.212276240898043,0.026468660165621112,0.008312480954405165,0.0,0.02031272736604432,['C52'],"['C38', 'C36']","[-0.38, -0.35]"
C53,[2.0],"(15, 84, 113, 127, 141)",0.7311102851326662,0.12688892003246766,0.03272317709096928,0.13700139584463186,0.6428206839363729,0.16049956572859625,0.1144451404463923,0.1651334839944316,0.046131444890217935,0.5537249444133846,0.028911654794134413,0.10930258768677503,0.41039857557344656,0.17452409164878,0.02368648003914297,0.04980556679181557,0.010387837626144921,0.3583500135248693,0.6952221898559491,0.1144451404463923,0.14947696221227644,3.2890386890888883,0.04228684306290285,0.029484907055031838,0.04831768212322756,0.14898699316605704,0.0387940450570018,3.2890386890888883,0.34760417833359003,0.05835647559587739,0.0135395879925863,0.06515462290173576,0.14970599187579953,0.15697652019129918,0.2007930350682097,0.017565966713569508,0.3128572874468578,0.02071758642772392,0.8770254898999269,0.16982550413788333,0.01814579296970455,0.13192684368505248,0.012245290375239528,0.7705608369796221,3.2890386890888883,0.033411235164401754,0.2757810661692979,0.029369915755887363,3.2890386890888883,0.037531630891233805,0.03642834982475733,0.02031272736604432,0.0,['C53'],"['C17', 'C43']","[-0.34, -0.45]"
